ノマ	w0001.mp3	ノマ
ひと-	w0002.mp3	ひと
ひのと	w0003.mp3	ひのと
なな	w0004.mp3	なな
よろず	w0005.mp3	よろず
たけ	w0006.mp3	たけ
み	w0007.mp3	み
うえ	w0008.mp3	うえ
した	w0009.mp3	した
フ	w0010.mp3	フ
あた.える	w0011.mp3	あたえる
こ.う	w0012.mp3	こう
うし	w0013.mp3	うし
か.つ	w0014.mp3	かつ
おお.きい	w0015.mp3	おおきい
よ	w0016.mp3	よ
おか	w0017.mp3	おか
ひのえ	w0018.mp3	ひのえ
すく.う	w0019.mp3	すくう
てる	w0020.mp3	てる
な.み	w0021.mp3	なみ
すす.む	w0022.mp3	すすむ
カ	w0023.mp3	カ
なか	w0024.mp3	なか
カン	w0025.mp3	カン
くし	w0026.mp3	くし
チュ	w0027.mp3	チュ
まる	w0028.mp3	まる
に	w0029.mp3	に
ぬし	w0030.mp3	ぬし
どんぶり	w0031.mp3	どんぶり
えい	w0032.mp3	えい
おさ.める	w0033.mp3	おさめる
の	w0034.mp3	の
ひさ.しい	w0035.mp3	ひさしい
-なが.ら	w0036.mp3	ながら
か	w0037.mp3	か
とぼ.しい	w0038.mp3	とぼしい
とら	w0039.mp3	とら
そむ.く	w0040.mp3	そむく
の.る	w0041.mp3	のる
おと-	w0042.mp3	おと
ここの	w0043.mp3	ここの
なり	w0044.mp3	なり
たわ	w0045.mp3	たわ
みだ.れる	w0046.mp3	みだれる
ちち	w0047.mp3	ちち
かわ.く	w0048.mp3	かわく
かめ	w0049.mp3	かめ
かぎ	w0050.mp3	かぎ
リョウ	w0051.mp3	リョウ
あらかじ.め	w0052.mp3	あらかじめ
あらそ.う	w0053.mp3	あらそう
こと	w0054.mp3	こと
ふた	w0055.mp3	ふた
ここに	w0056.mp3	ここに
い.う	w0057.mp3	いう
たが.い	w0058.mp3	たがい
いつ	w0059.mp3	いつ
い	w0060.mp3	い
わた.る	w0061.mp3	わたる
ち.と	w0062.mp3	ちと
つ.ぐ	w0063.mp3	つぐ
しばしば	w0064.mp3	しばしば
トウ	w0065.mp3	トウ
な.い	w0066.mp3	ない
たかぶる	w0067.mp3	たかぶる
まじ.わる	w0068.mp3	まじわる
また	w0069.mp3	また
とお.る	w0070.mp3	とおる
う.ける	w0071.mp3	うける
みやこ	w0072.mp3	みやこ
テイ	w0073.mp3	テイ
あきらか	w0074.mp3	あきらか
ハク	w0075.mp3	ハク
あつ.い	w0076.mp3	あつい
ひと	w0077.mp3	ひと
ジュウ	w0078.mp3	ジュウ
ジン	w0079.mp3	ジン
はたら.く	w0080.mp3	はたらく
ほの.か	w0081.mp3	ほのか
たお.れる	w0082.mp3	たおれる
あだ	w0083.mp3	あだ
いま	w0084.mp3	いま
カイ	w0085.mp3	カイ
よ.って	w0086.mp3	よって
したが.う	w0087.mp3	したがう
ほとけ	w0088.mp3	ほとけ
こ	w0089.mp3	こ
つか.える	w0090.mp3	つかえる
ほか	w0091.mp3	ほか
つえ	w0092.mp3	つえ
つ.ける	w0093.mp3	つける
セン	w0094.mp3	セン
はか.る	w0095.mp3	はかる
ち	w0096.mp3	ち
か.わる	w0097.mp3	かわる
レイ	w0098.mp3	レイ
もっ.て	w0099.mp3	もって
かり	w0100.mp3	かり
あお.ぐ	w0101.mp3	あおぐ
くだん	w0102.mp3	くだん
まか.せる	w0103.mp3	まかせる
くわだ.てる	w0104.mp3	くわだてる
たぐ.い	w0105.mp3	たぐい
かれ	w0106.mp3	かれ
いつつ	w0107.mp3	いつつ
わざ	w0108.mp3	わざ
ふ.せる	w0109.mp3	ふせる
き.る	w0110.mp3	きる
やす.む	w0111.mp3	やすむ
あ.う	w0112.mp3	あう
せがれ	w0113.mp3	せがれ
つた.わる	w0114.mp3	つたわる
あきな.う	w0115.mp3	あきなう
ともな.う	w0116.mp3	ともなう
わざおぎ	w0117.mp3	わざおぎ
の.びる	w0118.mp3	のびる
うかが.う	w0119.mp3	うかがう
に.る	w0120.mp3	にる
とぎ	w0121.mp3	とぎ
つくだ	w0122.mp3	つくだ
ただ.し	w0123.mp3	ただし
たたず.む	w0124.mp3	たたずむ
くらい	w0125.mp3	くらい
ひく.い	w0126.mp3	ひくい
す.む	w0127.mp3	すむ
サ	w0128.mp3	サ
たす.ける	w0129.mp3	たすける
からだ	w0130.mp3	からだ
なに	w0131.mp3	なに
わび.しい	w0132.mp3	わびしい
あま.る	w0133.mp3	あまる
たのし.む	w0134.mp3	たのしむ
つく.る	w0135.mp3	つくる
せむし	w0136.mp3	せむし
おもね.る	w0137.mp3	おもねる
は.く	w0138.mp3	はく
いつわ.る	w0139.mp3	いつわる
おさ	w0140.mp3	おさ
あわ.せる	w0141.mp3	あわせる
キツ	w0142.mp3	キツ
かる.い	w0143.mp3	かるい
こう.す	w0144.mp3	こうす
つか.う	w0145.mp3	つかう
つよ.い	w0146.mp3	つよい
く.る	w0147.mp3	くる
おご.る	w0148.mp3	おごる
たと.える	w0149.mp3	たとえる
さむらい	w0150.mp3	さむらい
シュ	w0151.mp3	シュ
すす.める	w0152.mp3	すすめる
おも.う	w0153.mp3	おもう
そな.える	w0154.mp3	そなえる
よ.る	w0155.mp3	よる
きゃん	w0156.mp3	きゃん
あたい	w0157.mp3	あたい
まま	w0158.mp3	まま
あなど.る	w0159.mp3	あなどる
コウ	w0160.mp3	コウ
おか.す	w0161.mp3	おかす
とも	w0162.mp3	とも
たよ.り	w0163.mp3	たより
かか.る	w0164.mp3	かかる
うなが.す	w0165.mp3	うながす
にわか	w0166.mp3	にわか
シュン	w0167.mp3	シュン
いた	w0168.mp3	いた
かしこ.い	w0169.mp3	かしこい
ヨウ	w0170.mp3	ヨウ
ゾク	w0171.mp3	ゾク
とりこ	w0172.mp3	とりこ
いや.しい	w0173.mp3	いやしい
たも.つ	w0174.mp3	たもつ
ま.つ	w0175.mp3	まつ
シン	w0176.mp3	シン
おもかげ	w0177.mp3	おもかげ
くるま	w0178.mp3	くるま
ふ.す	w0179.mp3	ふす
ともに	w0180.mp3	ともに
ハイ	w0181.mp3	ハイ
たわら	w0182.mp3	たわら
はじめ	w0183.mp3	はじめ
ホウ	w0184.mp3	ホウ
おれ	w0185.mp3	おれ
かしずく	w0186.mp3	かしずく
たくみ	w0187.mp3	たくみ
くら	w0188.mp3	くら
コ	w0189.mp3	コ
バイ	w0190.mp3	バイ
たちまち	w0191.mp3	たちまち
ともがら	w0192.mp3	ともがら
しあわ.せ	w0193.mp3	しあわせ
そうろう	w0194.mp3	そうろう
か.りる	w0195.mp3	かりる
とな.える	w0196.mp3	となえる
なら.う	w0197.mp3	ならう
ね	w0198.mp3	ね
ぬか.る	w0199.mp3	ぬかる
あき.る	w0200.mp3	あきる
つらつら	w0201.mp3	つらつら
きわ	w0202.mp3	きわ
リン	w0203.mp3	リン
タク	w0204.mp3	タク
やまと	w0205.mp3	やまと
とも.に	w0206.mp3	ともに
つま.しい	w0207.mp3	つましい
いこ.う	w0208.mp3	いこう
えら.い	w0209.mp3	えらい
かたよ.る	w0210.mp3	かたよる
ゲン	w0211.mp3	ゲン
さて	w0212.mp3	さて
な.す	w0213.mp3	なす
と.める	w0214.mp3	とめる
すこ.やか	w0215.mp3	すこやか
くる.しむ	w0216.mp3	くるしむ
しの.ぶ	w0217.mp3	しのぶ
かわ	w0218.mp3	かわ
たま	w0219.mp3	たま
ぬす.む	w0220.mp3	ぬすむ
おおき.い	w0221.mp3	おおきい
かしず.く	w0222.mp3	かしずく
かたわ.ら	w0223.mp3	かたわら
すぐ.れる	w0224.mp3	すぐれる
かさ	w0225.mp3	かさ
もよう.す	w0226.mp3	もようす
やと.う	w0227.mp3	やとう
かが.む	w0228.mp3	かがむ
サイ	w0229.mp3	サイ
きず	w0230.mp3	きず
かたむ.く	w0231.mp3	かたむく
わず.か	w0232.mp3	わずか
みな	w0233.mp3	みな
ゾウ	w0234.mp3	ゾウ
キョウ	w0235.mp3	キョウ
しもべ	w0236.mp3	しもべ
よろこ.ぶ	w0237.mp3	よろこぶ
せん.する	w0238.mp3	せんする
ギョウ	w0239.mp3	ギョウ
ソウ	w0240.mp3	ソウ
へき.する	w0241.mp3	へきする
ギ	w0242.mp3	ギ
わし	w0243.mp3	わし
オク	w0244.mp3	オク
ジュ	w0245.mp3	ジュ
ラン	w0246.mp3	ラン
はかな.い	w0247.mp3	はかない
つぐな.う	w0248.mp3	つぐなう
ライ	w0249.mp3	ライ
やさ.しい	w0250.mp3	やさしい
もう.ける	w0251.mp3	もうける
つれあい	w0252.mp3	つれあい
おにやらい	w0253.mp3	おにやらい
あるいは	w0254.mp3	あるいは
いかめ.しい	w0255.mp3	いかめしい
がい	w0256.mp3	がい
コツ	w0257.mp3	コツ
じょう	w0258.mp3	じょう
もと	w0259.mp3	もと
あに	w0260.mp3	あに
あ.てる	w0261.mp3	あてる
きざ.す	w0262.mp3	きざす
おそ.れる	w0263.mp3	おそれる
さき	w0264.mp3	さき
ひか.る	w0265.mp3	ひかる
まぬか.れる	w0266.mp3	まぬかれる
うさぎ	w0267.mp3	うさぎ
なかま	w0268.mp3	なかま
かぶと	w0269.mp3	かぶと
い.る	w0270.mp3	いる
まった.く	w0271.mp3	まったく
ふたつ	w0272.mp3	ふたつ
しかり	w0273.mp3	しかり
や	w0274.mp3	や
おおやけ	w0275.mp3	おおやけ
む	w0276.mp3	む
ケイ	w0277.mp3	ケイ
つわもの	w0278.mp3	つわもの
それ	w0279.mp3	それ
ふみ	w0280.mp3	ふみ
か.ねる	w0281.mp3	かねる
こいねが.う	w0282.mp3	こいねがう
うち	w0283.mp3	うち
まる.い	w0284.mp3	まるい
あや.うい	w0285.mp3	あやうい
ふたた.び	w0286.mp3	ふたたび
かま.える	w0287.mp3	かまえる
かんむり	w0288.mp3	かんむり
ベキ	w0289.mp3	ベキ
ジョウ	w0290.mp3	ジョウ
うつ.す	w0291.mp3	うつす
つか	w0292.mp3	つか
エン	w0293.mp3	エン
くら.い	w0294.mp3	くらい
あだ.する	w0295.mp3	あだする
と.む	w0296.mp3	とむ
こおり	w0297.mp3	こおり
ふゆ	w0298.mp3	ふゆ
さ.える	w0299.mp3	さえる
おき	w0300.mp3	おき
き.める	w0301.mp3	きめる
まし.て	w0302.mp3	まして
つめ.たい	w0303.mp3	つめたい
きよ.い	w0304.mp3	きよい
さむ.い	w0305.mp3	さむい
か.れる	w0306.mp3	かれる
ジュン	w0307.mp3	ジュン
すず.しい	w0308.mp3	すずしい
しぼ.む	w0309.mp3	しぼむ
しの.ぐ	w0310.mp3	しのぐ
こお.る	w0311.mp3	こおる
じゅん.じる	w0312.mp3	じゅんじる
きびし.い	w0313.mp3	きびしい
こ.る	w0314.mp3	こる
きにょう	w0315.mp3	きにょう
およ.そ	w0316.mp3	およそ
ところ	w0317.mp3	ところ
いかのぼり	w0318.mp3	いかのぼり
こがらし	w0319.mp3	こがらし
なぎ	w0320.mp3	なぎ
もた.れる	w0321.mp3	もたれる
おおとり	w0322.mp3	おおとり
かちどき	w0323.mp3	かちどき
でこ	w0324.mp3	でこ
くぼ.む	w0325.mp3	くぼむ
で.る	w0326.mp3	でる
はこ	w0327.mp3	はこ
かたな	w0328.mp3	かたな
は	w0329.mp3	は
わ.ける	w0330.mp3	わける
か.る	w0331.mp3	かる
は.ねる	w0332.mp3	はねる
えぐ.る	w0333.mp3	えぐる
レツ	w0334.mp3	レツ
はじ.め	w0335.mp3	はじめ
わか.る	w0336.mp3	わかる
わか.れる	w0337.mp3	わかれる
おびや.かす	w0338.mp3	おびやかす
き.く	w0339.mp3	きく
けず.る	w0340.mp3	けずる
こそ.げる	w0341.mp3	こそげる
いた.る	w0342.mp3	いたる
セイ	w0343.mp3	セイ
す.る	w0344.mp3	する
ケン	w0345.mp3	ケン
セチ	w0346.mp3	セチ
さ.す	w0347.mp3	さす
きざ.む	w0348.mp3	きざむ
まい	w0349.mp3	まい
くびき.る	w0350.mp3	くびきる
のっと.る	w0351.mp3	のっとる
かつ	w0352.mp3	かつ
もと.る	w0353.mp3	もとる
まえ	w0354.mp3	まえ
はじ.める	w0355.mp3	はじめる
ボウ	w0356.mp3	ボウ
ゴウ	w0357.mp3	ゴウ
へ.ぐ	w0358.mp3	へぐ
つるぎ	w0359.mp3	つるぎ
かる	w0360.mp3	かる
あまつさえ	w0361.mp3	あまつさえ
フク	w0362.mp3	フク
わ.る	w0363.mp3	わる
ガイ	w0364.mp3	ガイ
わ.かつ	w0365.mp3	わかつ
ゲキ	w0366.mp3	ゲキ
つんざ.く	w0367.mp3	つんざく
ころ.す	w0368.mp3	ころす
ちから	w0369.mp3	ちから
いさお	w0370.mp3	いさお
くわ.える	w0371.mp3	くわえる
おと.る	w0372.mp3	おとる
つと.める	w0373.mp3	つとめる
つか.れる	w0374.mp3	つかれる
はげ.む	w0375.mp3	はげむ
ろう.する	w0376.mp3	ろうする
てがた	w0377.mp3	てがた
カツ	w0378.mp3	カツ
おこ.る	w0379.mp3	おこる
いまし.める	w0380.mp3	いましめる
いさ.む	w0381.mp3	いさむ
くつわ	w0382.mp3	くつわ
うご.く	w0383.mp3	うごく
つの.る	w0384.mp3	つのる
いきお.い	w0385.mp3	いきおい
つつ.む	w0386.mp3	つつむ
シャク	w0387.mp3	シャク
なか.れ	w0388.mp3	なかれ
すく.ない	w0389.mp3	すくない
もんめ	w0390.mp3	もんめ
にお.う	w0391.mp3	におう
いそが.しい	w0392.mp3	いそがしい
は.う	w0393.mp3	はう
ひさご	w0394.mp3	ひさご
ホク	w0395.mp3	ホク
さじ	w0396.mp3	さじ
ば.ける	w0397.mp3	ばける
きた	w0398.mp3	きた
めぐ.る	w0399.mp3	めぐる
あら.ず	w0400.mp3	あらず
ひつ	w0401.mp3	ひつ
くしげ	w0402.mp3	くしげ
ひき	w0403.mp3	ひき
ク	w0404.mp3	ク
い.やす	w0405.mp3	いやす
かくま.う	w0406.mp3	かくまう
とお	w0407.mp3	とお
さんじゅう	w0408.mp3	さんじゅう
そっ.する	w0409.mp3	そっする
ます	w0410.mp3	ます
うま	w0411.mp3	うま
くさ	w0412.mp3	くさ
なか.ば	w0413.mp3	なかば
まんじ	w0414.mp3	まんじ
みなみ	w0415.mp3	みなみ
ひとえ	w0416.mp3	ひとえ
うらな.う	w0417.mp3	うらなう
ベン	w0418.mp3	ベン
し.める	w0419.mp3	しめる
うらかた	w0420.mp3	うらかた
わりふ	w0421.mp3	わりふ
さかずき	w0422.mp3	さかずき
う	w0423.mp3	う
しるし	w0424.mp3	しるし
あぶ.ない	w0425.mp3	あぶない
つ.く	w0426.mp3	つく
かえ.って	w0427.mp3	かえって
たまご	w0428.mp3	たまご
ま.く	w0429.mp3	まく
おろ.す	w0430.mp3	おろす
きみ	w0431.mp3	きみ
かりがね	w0432.mp3	かりがね
ヤク	w0433.mp3	ヤク
はら	w0434.mp3	はら
かわや	w0435.mp3	かわや
その	w0436.mp3	その
いえ	w0437.mp3	いえ
くりや	w0438.mp3	くりや
うまや	w0439.mp3	うまや
いや	w0440.mp3	いや
こもの	w0441.mp3	こもの
ショウ	w0442.mp3	ショウ
おごそ.か	w0443.mp3	おごそか
わたくし	w0444.mp3	わたくし
さ.る	w0445.mp3	さる
まい.る	w0446.mp3	まいる
およ.ぶ	w0447.mp3	およぶ
そ.る	w0448.mp3	そる
シュク	w0449.mp3	シュク
と.る	w0450.mp3	とる
つい.ず	w0451.mp3	ついず
おきな	w0452.mp3	おきな
あき.らか	w0453.mp3	あきらか
くさむら	w0454.mp3	くさむら
くち	w0455.mp3	くち
ふる.い	w0456.mp3	ふるい
みだりに	w0457.mp3	みだりに
たた.く	w0458.mp3	たたく
ただ	w0459.mp3	ただ
さけ.ぶ	w0460.mp3	さけぶ
め.す	w0461.mp3	めす
ハツ	w0462.mp3	ハツ
-べ.き	w0463.mp3	べき
うてな	w0464.mp3	うてな
しか.る	w0465.mp3	しかる
シ	w0466.mp3	シ
みぎ	w0467.mp3	みぎ
かな.える	w0468.mp3	かなえる
つかさど.る	w0469.mp3	つかさどる
かます	w0470.mp3	かます
ああ	w0471.mp3	ああ
ども.る	w0472.mp3	どもる
おのおの	w0473.mp3	おのおの
よし	w0474.mp3	よし
つ.る	w0475.mp3	つる
インチ	w0476.mp3	インチ
おな.じ	w0477.mp3	おなじ
な	w0478.mp3	な
きさき	w0479.mp3	きさき
リ	w0480.mp3	リ
む.く	w0481.mp3	むく
しわ.い	w0482.mp3	しわい
のむ	w0483.mp3	のむ
ギン	w0484.mp3	ギン
ほえ.る	w0485.mp3	ほえる
いな	w0486.mp3	いな
ふ.く	w0487.mp3	ふく
ふく.む	w0488.mp3	ふくむ
ポンド	w0489.mp3	ポンド
のど	w0490.mp3	のど
す.う	w0491.mp3	すう
くちわき	w0492.mp3	くちわき
ほ.える	w0493.mp3	ほえる
われ	w0494.mp3	われ
あ	w0495.mp3	あ
せぼね	w0496.mp3	せぼね
ほけ.る	w0497.mp3	ほける
く.れる	w0498.mp3	くれる
つ.げる	w0499.mp3	つげる
ふいいと	w0500.mp3	ふいいと
の.む	w0501.mp3	のむ
つぶや.く	w0502.mp3	つぶやく
まわ.り	w0503.mp3	まわり
まじな.う	w0504.mp3	まじなう
あじ	w0505.mp3	あじ
か.す	w0506.mp3	かす
かまびす.しい	w0507.mp3	かまびすしい
あお.る	w0508.mp3	あおる
うめ.く	w0509.mp3	うめく
よ.ぶ	w0510.mp3	よぶ
いのち	w0511.mp3	いのち
か.む	w0512.mp3	かむ
はなし	w0513.mp3	はなし
やわ.らぐ	w0514.mp3	やわらぐ
とが.める	w0515.mp3	とがめる
よ.む	w0516.mp3	よむ
おどろく	w0517.mp3	おどろく
た	w0518.mp3	た
さ.く	w0519.mp3	さく
せ.く	w0520.mp3	せく
よこしま	w0521.mp3	よこしま
むせ.ぶ	w0522.mp3	むせぶ
ロウ	w0523.mp3	ロウ
あわ.れ	w0524.mp3	あわれ
しな	w0525.mp3	しな
わら.う	w0526.mp3	わらう
かい	w0527.mp3	かい
かな	w0528.mp3	かな
さそ.う	w0529.mp3	さそう
イン	w0530.mp3	イン
さえず.る	w0531.mp3	さえずる
ガ	w0532.mp3	ガ
みはり	w0533.mp3	みはり
まいる	w0534.mp3	まいる
なげ.く	w0535.mp3	なげく
た.ける	w0536.mp3	たける
さとい	w0537.mp3	さとい
はぐく.む	w0538.mp3	はぐくむ
うた	w0539.mp3	うた
そそ.る	w0540.mp3	そそる
くちびる	w0541.mp3	くちびる
から	w0542.mp3	から
ゴ	w0543.mp3	ゴ
おし	w0544.mp3	おし
う.る	w0545.mp3	うる
れつ	w0546.mp3	れつ
うな.る	w0547.mp3	うなる
オ	w0548.mp3	オ
つば	w0549.mp3	つば
いがむ	w0550.mp3	いがむ
ついば.む	w0551.mp3	ついばむ
クウ	w0552.mp3	クウ
と.う	w0553.mp3	とう
ひら.く	w0554.mp3	ひらく
く.う	w0555.mp3	くう
く.らわす	w0556.mp3	くらわす
すす.る	w0557.mp3	すする
ただ.ならぬ	w0558.mp3	ただならぬ
な.く	w0559.mp3	なく
の.う	w0560.mp3	のう
よ.い	w0561.mp3	よい
ラツ	w0562.mp3	ラツ
しゃべ.る	w0563.mp3	しゃべる
あえ.ぐ	w0564.mp3	あえぐ
わめ.く	w0565.mp3	わめく
かこ.つ	w0566.mp3	かこつ
やかま.しい	w0567.mp3	やかましい
も	w0568.mp3	も
たか.い	w0569.mp3	たかい
いとな.む	w0570.mp3	いとなむ
か.らす	w0571.mp3	からす
か.ぐ	w0572.mp3	かぐ
やぶさ.か	w0573.mp3	やぶさか
いか.る	w0574.mp3	いかる
たしな.む	w0575.mp3	たしなむ
おしゃべり	w0576.mp3	おしゃべり
すす.ぐ	w0577.mp3	すすぐ
けしか.ける	w0578.mp3	けしかける
よみ.する	w0579.mp3	よみする
さいな.む	w0580.mp3	さいなむ
かつ.て	w0581.mp3	かつて
うそ	w0582.mp3	うそ
マ	w0583.mp3	マ
うそぶ.く	w0584.mp3	うそぶく
しょく.する	w0585.mp3	しょくする
あざけ.る	w0586.mp3	あざける
くちばし	w0587.mp3	くちばし
いなな.く	w0588.mp3	いななく
さぞ	w0589.mp3	さぞ
うわさ	w0590.mp3	うわさ
む.せる	w0591.mp3	むせる
うつわ	w0592.mp3	うつわ
ふく	w0593.mp3	ふく
つぐ.む	w0594.mp3	つぐむ
さわ.ぐ	w0595.mp3	さわぐ
トン	w0596.mp3	トン
ネイ	w0597.mp3	ネイ
おど.す	w0598.mp3	おどす
かかめ	w0599.mp3	かかめ
くしゃみ	w0600.mp3	くしゃみ
リュウ	w0601.mp3	リュウ
ふくろ	w0602.mp3	ふくろ
さきに	w0603.mp3	さきに
ささや.く	w0604.mp3	ささやく
かしま.しい	w0605.mp3	かしましい
はや.す	w0606.mp3	はやす
ゲイ	w0607.mp3	ゲイ
しょう	w0608.mp3	しょう
かじ.る	w0609.mp3	かじる
イ	w0610.mp3	イ
まわ.る	w0611.mp3	まわる
とら.われる	w0612.mp3	とらわれる
かたまり	w0613.mp3	かたまり
おとり	w0614.mp3	おとり
こま.る	w0615.mp3	こまる
かこ.む	w0616.mp3	かこむ
え	w0617.mp3	え
かた.める	w0618.mp3	かためる
くに	w0619.mp3	くに
はたけ	w0620.mp3	はたけ
ひとや	w0621.mp3	ひとや
かこ.い	w0622.mp3	かこい
うまか.い	w0623.mp3	うまかい
つち	w0624.mp3	つち
たがや.す	w0625.mp3	たがやす
いり	w0626.mp3	いり
お.す	w0627.mp3	おす
あ.る	w0628.mp3	ある
チ	w0629.mp3	チ
あくつ	w0630.mp3	あくつ
さか.い	w0631.mp3	さかい
あと	w0632.mp3	あと
さか	w0633.mp3	さか
なら.す	w0634.mp3	ならす
あな	w0635.mp3	あな
つき	w0636.mp3	つき
すわ.る	w0637.mp3	すわる
つつ.み	w0638.mp3	つつみ
たいら	w0639.mp3	たいら
つぼ	w0640.mp3	つぼ
た.れる	w0641.mp3	たれる
ぬた	w0642.mp3	ぬた
かた	w0643.mp3	かた
はて	w0644.mp3	はて
きし	w0645.mp3	きし
あか	w0646.mp3	あか
かき	w0647.mp3	かき
ありづか	w0648.mp3	ありづか
ハ	w0649.mp3	ハ
がけ	w0650.mp3	がけ
ほこり	w0651.mp3	ほこり
きそ.う	w0652.mp3	きそう
う.める	w0653.mp3	うめる
しろ	w0654.mp3	しろ
らち.があく	w0655.mp3	らちがあく
ホ	w0656.mp3	ホ
ごみ	w0657.mp3	ごみ
イキ	w0658.mp3	イキ
ソツ	w0659.mp3	ソツ
はに	w0660.mp3	はに
う.える	w0661.mp3	うえる
つちか.う	w0662.mp3	つちかう
ほり	w0663.mp3	ほり
ドウ	w0664.mp3	ドウ
かた.い	w0665.mp3	かたい
うずたか.い	w0666.mp3	うずたかい
いろつち	w0667.mp3	いろつち
お.ちる	w0668.mp3	おちる
ふさ.ぐ	w0669.mp3	ふさぐ
るつぼ	w0670.mp3	るつぼ
とりで	w0671.mp3	とりで
つつみ	w0672.mp3	つつみ
た.える	w0673.mp3	たえる
せき	w0674.mp3	せき
むく.いる	w0675.mp3	むくいる
ば	w0676.mp3	ば
さかい	w0677.mp3	さかい
ヘイ	w0678.mp3	ヘイ
はか	w0679.mp3	はか
でく	w0680.mp3	でく
ねぐら	w0681.mp3	ねぐら
ぬ.る	w0682.mp3	ぬる
はなわ	w0683.mp3	はなわ
はま.る	w0684.mp3	はまる
しお	w0685.mp3	しお
は.まる	w0686.mp3	はまる
あま	w0687.mp3	あま
ちり	w0688.mp3	ちり
ジュク	w0689.mp3	ジュク
しもやしき	w0690.mp3	しもやしき
ま.す	w0691.mp3	ます
すみ	w0692.mp3	すみ
おち.る	w0693.mp3	おちる
フン	w0694.mp3	フン
チョ	w0695.mp3	チョ
は.る	w0696.mp3	はる
かべ	w0697.mp3	かべ
ダン	w0698.mp3	ダン
こわ.す	w0699.mp3	こわす
たに	w0700.mp3	たに
びん	w0701.mp3	びん
テン	w0702.mp3	テン
みずのえ	w0703.mp3	みずのえ
さかん	w0704.mp3	さかん
こえ	w0705.mp3	こえ
ひとつ	w0706.mp3	ひとつ
むこ	w0707.mp3	むこ
コン	w0708.mp3	コン
ことぶき	w0709.mp3	ことぶき
しゅう	w0710.mp3	しゅう
ゆき	w0711.mp3	ゆき
なつ	w0712.mp3	なつ
はるか	w0713.mp3	はるか
ゆう	w0714.mp3	ゆう
そと	w0715.mp3	そと
つとに	w0716.mp3	つとに
おお.い	w0717.mp3	おおい
ゆめ	w0718.mp3	ゆめ
おびただ.しい	w0719.mp3	おびただしい
おお-	w0720.mp3	おお
あまつ	w0721.mp3	あまつ
ふと.い	w0722.mp3	ふとい
おっと	w0723.mp3	おっと
わか.い	w0724.mp3	わかい
オウ	w0725.mp3	オウ
うしな.う	w0726.mp3	うしなう
えびす	w0727.mp3	えびす
ほご.る	w0728.mp3	ほごる
はさ.む	w0729.mp3	はさむ
おお.う	w0730.mp3	おおう
く.しき	w0731.mp3	くしき
いかん	w0732.mp3	いかん
たてまつ.る	w0733.mp3	たてまつる
かな.でる	w0734.mp3	かなでる
ちぎ.る	w0735.mp3	ちぎる
はし.る	w0736.mp3	はしる
エキ	w0737.mp3	エキ
かさ.ねる	w0738.mp3	かさねる
なんぞ	w0739.mp3	なんぞ
さだ.める	w0740.mp3	さだめる
おく	w0741.mp3	おく
おく.まる	w0742.mp3	おくまる
うば.う	w0743.mp3	うばう
ふる.う	w0744.mp3	ふるう
おんな	w0745.mp3	おんな
やつ	w0746.mp3	やつ
この.む	w0747.mp3	このむ
なこうど	w0748.mp3	なこうど
ごと.し	w0749.mp3	ごとし
みだ.りに	w0750.mp3	みだりに
はら.む	w0751.mp3	はらむ
うつく.しい	w0752.mp3	うつくしい
あや.しい	w0753.mp3	あやしい
たえ	w0754.mp3	たえ
よそお.う	w0755.mp3	よそおう
なきはは	w0756.mp3	なきはは
ダ	w0757.mp3	ダ
さまた.げる	w0758.mp3	さまたげる
ねた.む	w0759.mp3	ねたむ
ダツ	w0760.mp3	ダツ
いもうと	w0761.mp3	いもうと
つま	w0762.mp3	つま
めかけ	w0763.mp3	めかけ
うば	w0764.mp3	うば
あね	w0765.mp3	あね
しゅうとめ	w0766.mp3	しゅうとめ
ゆだ.ねる	w0767.mp3	ゆだねる
こう	w0768.mp3	こう
かん.する	w0769.mp3	かんする
いもと	w0770.mp3	いもと
めい	w0771.mp3	めい
ひめ	w0772.mp3	ひめ
あい	w0773.mp3	あい
すがた	w0774.mp3	すがた
ほ	w0775.mp3	ほ
シャ	w0776.mp3	シャ
むすめ	w0777.mp3	むすめ
めおと	w0778.mp3	めおと
みめよ.い	w0779.mp3	みめよい
よめ	w0780.mp3	よめ
めと.る	w0781.mp3	めとる
あそびめ	w0782.mp3	あそびめ
つな.ぐ	w0783.mp3	つなぐ
ばば	w0784.mp3	ばば
はしため	w0785.mp3	はしため
むさぼ.る	w0786.mp3	むさぼる
みだれ-	w0787.mp3	みだれ
こ.びる	w0788.mp3	こびる
おうな	w0789.mp3	おうな
はは	w0790.mp3	はは
よしみ	w0791.mp3	よしみ
あによめ	w0792.mp3	あによめ
そね.む	w0793.mp3	そねむ
なよ.やかな	w0794.mp3	なよやかな
きら.う	w0795.mp3	きらう
なぶ.る	w0796.mp3	なぶる
あたた.める	w0797.mp3	あたためる
チャク	w0798.mp3	チャク
うれ.しい	w0799.mp3	うれしい
なまめか.しい	w0800.mp3	なまめかしい
きにいり	w0801.mp3	きにいり
よわ.い	w0802.mp3	よわい
ふ.れる	w0803.mp3	ふれる
かか	w0804.mp3	かか
おこた.る	w0805.mp3	おこたる
やもめ	w0806.mp3	やもめ
かよわ.い	w0807.mp3	かよわい
ひとり	w0808.mp3	ひとり
あざ	w0809.mp3	あざ
ながら.える	w0810.mp3	ながらえる
かしら	w0811.mp3	かしら
キ	w0812.mp3	キ
つまこ	w0813.mp3	つまこ
まな.ぶ	w0814.mp3	まなぶ
ちのみご	w0815.mp3	ちのみご
まご	w0816.mp3	まご
いずれ	w0817.mp3	いずれ
う.む	w0818.mp3	うむ
かえ.す	w0819.mp3	かえす
おさない	w0820.mp3	おさない
へび	w0821.mp3	へび
ウ	w0822.mp3	ウ
まも.る	w0823.mp3	まもる
やす.い	w0824.mp3	やすい
しし	w0825.mp3	しし
ひろ.い	w0826.mp3	ひろい
すぎる	w0827.mp3	すぎる
むね	w0828.mp3	むね
チュウ	w0829.mp3	チュウ
よろ.しい	w0830.mp3	よろしい
たから	w0831.mp3	たから
キャク	w0832.mp3	キャク
のたま.う	w0833.mp3	のたまう
むろ	w0834.mp3	むろ
なだ.める	w0835.mp3	なだめる
つかさ	w0836.mp3	つかさ
みや	w0837.mp3	みや
うたげ	w0838.mp3	うたげ
よい	w0839.mp3	よい
のき	w0840.mp3	のき
い.れる	w0841.mp3	いれる
やど	w0842.mp3	やど
さび	w0843.mp3	さび
ひそ.か	w0844.mp3	ひそか
つる	w0845.mp3	つる
ね.る	w0846.mp3	ねる
ぐう.する	w0847.mp3	ぐうする
これ	w0848.mp3	これ
くつろ.ぐ	w0849.mp3	くつろぐ
さび.しい	w0850.mp3	さびしい
サツ	w0851.mp3	サツ
さ.める	w0852.mp3	さめる
むし.ろ	w0853.mp3	むしろ
つまび.らか	w0854.mp3	つまびらか
めぐ.み	w0855.mp3	めぐみ
スン	w0856.mp3	スン
てら	w0857.mp3	てら
あいて	w0858.mp3	あいて
フウ	w0859.mp3	フウ
もっぱ.ら	w0860.mp3	もっぱら
しく	w0861.mp3	しく
まさ.に	w0862.mp3	まさに
たっと.い	w0863.mp3	たっとい
たず.ねる	w0864.mp3	たずねる
みちび.く	w0865.mp3	みちびく
ちい.さい	w0866.mp3	ちいさい
なんじ	w0867.mp3	なんじ
とが.る	w0868.mp3	とがる
なお	w0869.mp3	なお
すくな.い	w0870.mp3	すくない
もっと.も	w0871.mp3	もっとも
むくいぬ	w0872.mp3	むくいぬ
かたしろ	w0873.mp3	かたしろ
さし	w0874.mp3	さし
しり	w0875.mp3	しり
つ.きる	w0876.mp3	つきる
お	w0877.mp3	お
ゆばり	w0878.mp3	ゆばり
つぼね	w0879.mp3	つぼね
へ	w0880.mp3	へ
とど.ける	w0881.mp3	とどける
しかばね	w0882.mp3	しかばね
くそ	w0883.mp3	くそ
はきもの	w0884.mp3	はきもの
くず	w0885.mp3	くず
ほふ.る	w0886.mp3	ほふる
ひだりて	w0887.mp3	ひだりて
たむろ	w0888.mp3	たむろ
やま	w0889.mp3	やま
なた	w0890.mp3	なた
そばだ.つ	w0891.mp3	そばだつ
みね	w0892.mp3	みね
タ	w0893.mp3	タ
いしやま	w0894.mp3	いしやま
いわ	w0895.mp3	いわ
みさき	w0896.mp3	みさき
タイ	w0897.mp3	タイ
ビン	w0898.mp3	ビン
ジ	w0899.mp3	ジ
ゆり	w0900.mp3	ゆり
とうげ	w0901.mp3	とうげ
はざま	w0902.mp3	はざま
けわ.しい	w0903.mp3	けわしい
きび.しい	w0904.mp3	きびしい
しま	w0905.mp3	しま
あが.める	w0906.mp3	あがめる
ロン	w0907.mp3	ロン
くず.れる	w0908.mp3	くずれる
ビ	w0909.mp3	ビ
は.める	w0910.mp3	はめる
くま	w0911.mp3	くま
あらし	w0912.mp3	あらし
たお.やか	w0913.mp3	たおやか
ザン	w0914.mp3	ザン
やまのかたち	w0915.mp3	やまのかたち
さかみち	w0916.mp3	さかみち
さと.い	w0917.mp3	さとい
いただき	w0918.mp3	いただき
す	w0919.mp3	す
ひだり	w0920.mp3	ひだり
たく.み	w0921.mp3	たくみ
キョ	w0922.mp3	キョ
みこ	w0923.mp3	みこ
おのれ	w0924.mp3	おのれ
や.む	w0925.mp3	やむ
ともえ	w0926.mp3	ともえ
ちまた	w0927.mp3	ちまた
たつみ	w0928.mp3	たつみ
いち	w0929.mp3	いち
ぬの	w0930.mp3	ぬの
かみ	w0931.mp3	かみ
まれ	w0932.mp3	まれ
かねぐら	w0933.mp3	かねぐら
かきもの	w0934.mp3	かきもの
ふまき	w0935.mp3	ふまき
ほうき	w0936.mp3	ほうき
きぬ	w0937.mp3	きぬ
みかど	w0938.mp3	みかど
スイ	w0939.mp3	スイ
いくさ	w0940.mp3	いくさ
むしろ	w0941.mp3	むしろ
お.びる	w0942.mp3	おびる
かえ.る	w0943.mp3	かえる
とばり	w0944.mp3	とばり
つね	w0945.mp3	つね
ずきん	w0946.mp3	ずきん
はば	w0947.mp3	はば
ほろ	w0948.mp3	ほろ
まく	w0949.mp3	まく
カク	w0950.mp3	カク
のぼり	w0951.mp3	のぼり
はた	w0952.mp3	はた
ぬさ	w0953.mp3	ぬさ
ほ.す	w0954.mp3	ほす
たい.ら	w0955.mp3	たいら
とし	w0956.mp3	とし
さいわ.い	w0957.mp3	さいわい
みき	w0958.mp3	みき
ちいさい	w0959.mp3	ちいさい
まぼろし	w0960.mp3	まぼろし
おさな.い	w0961.mp3	おさない
ふか.い	w0962.mp3	ふかい
いく-	w0963.mp3	いく
やくしょ	w0964.mp3	やくしょ
ひさし	w0965.mp3	ひさし
とこ	w0966.mp3	とこ
つい.で	w0967.mp3	ついで
そこ	w0968.mp3	そこ
みせ	w0969.mp3	みせ
かのえ	w0970.mp3	かのえ
まなびや	w0971.mp3	まなびや
たび	w0972.mp3	たび
にわ	w0973.mp3	にわ
いおり	w0974.mp3	いおり
ショ	w0975.mp3	ショ
すた.れる	w0976.mp3	すたれる
レン	w0977.mp3	レン
くるわ	w0978.mp3	くるわ
たまや	w0979.mp3	たまや
しげ.る	w0980.mp3	しげる
いお	w0981.mp3	いお
やわらぐ	w0982.mp3	やわらぐ
みち	w0983.mp3	みち
た.てる	w0984.mp3	たてる
すなわ.ち	w0985.mp3	すなわち
にじゅう	w0986.mp3	にじゅう
すて.る	w0987.mp3	すてる
いじく.る	w0988.mp3	いじくる
いぐるみ	w0989.mp3	いぐるみ
ふた-	w0990.mp3	ふた
シキ	w0991.mp3	シキ
ふた.つ	w0992.mp3	ふたつ
しい.する	w0993.mp3	しいする
ゆみ	w0994.mp3	ゆみ
とむら.う	w0995.mp3	とむらう
ひ.く	w0996.mp3	ひく
テ	w0997.mp3	テ
どる	w0998.mp3	どる
たる.む	w0999.mp3	たるむ
おとうと	w1000.mp3	おとうと
おおゆみ	w1001.mp3	おおゆみ
や.める	w1002.mp3	やめる
あ.たる	w1003.mp3	あたる
タン	w1004.mp3	タン
はりねずみ	w1005.mp3	はりねずみ
サン	w1006.mp3	サン
ひこ	w1007.mp3	ひこ
いろど.る	w1008.mp3	いろどる
あや	w1009.mp3	あや
ほ.る	w1010.mp3	ほる
うるわ.しい	w1011.mp3	うるわしい
かげ	w1012.mp3	かげ
さまよ.う	w1013.mp3	さまよう
フツ	w1014.mp3	フツ
い.く	w1015.mp3	いく
ゆ.く	w1016.mp3	ゆく
あまねし	w1017.mp3	あまねし
リツ	w1018.mp3	リツ
のち	w1019.mp3	のち
おもむ.ろに	w1020.mp3	おもむろに
いたずら	w1021.mp3	いたずら
え.る	w1022.mp3	える
うつ.る	w1023.mp3	うつる
きた.す	w1024.mp3	きたす
おん-	w1025.mp3	おん
えだち	w1026.mp3	えだち
かす.か	w1027.mp3	かすか
トク	w1028.mp3	トク
テツ	w1029.mp3	テツ
こころ	w1030.mp3	こころ
かなら.ず	w1031.mp3	かならず
い.む	w1032.mp3	いむ
シリング	w1033.mp3	シリング
わす.れる	w1034.mp3	わすれる
あた.る	w1035.mp3	あたる
かたじけな.い	w1036.mp3	かたじけない
さから.う	w1037.mp3	さからう
こころよ.い	w1038.mp3	こころよい
まこと	w1039.mp3	まこと
ネン	w1040.mp3	ネン
はじ.る	w1041.mp3	はじる
たちま.ち	w1042.mp3	たちまち
いかで	w1043.mp3	いかで
うら.む	w1044.mp3	うらむ
こわ.い	w1045.mp3	こわい
たの.む	w1046.mp3	たのむ
いた.む	w1047.mp3	いたむ
あわ.れむ	w1048.mp3	あわれむ
いそ.ぐ	w1049.mp3	いそぐ
さが	w1050.mp3	さが
ひる.む	w1051.mp3	ひるむ
こら.える	w1052.mp3	こらえる
つね.に	w1053.mp3	つねに
とぼ.ける	w1054.mp3	とぼける
ゆる.す	w1055.mp3	ゆるす
つつが.ない	w1056.mp3	つつがない
ほしいまま	w1057.mp3	ほしいまま
めぐ.む	w1058.mp3	めぐむ
は.じる	w1059.mp3	はじる
オン	w1060.mp3	オン
つつし.む	w1061.mp3	つつしむ
やすら.く	w1062.mp3	やすらく
うやうや.しい	w1063.mp3	うやうやしい
いき	w1064.mp3	いき
あたか.も	w1065.mp3	あたかも
キュウ	w1066.mp3	キュウ
まごころ	w1067.mp3	まごころ
うれ.える	w1068.mp3	うれえる
たけし	w1069.mp3	たけし
く.いる	w1070.mp3	くいる
バン	w1071.mp3	バン
あらた.める	w1072.mp3	あらためる
さと.る	w1073.mp3	さとる
ユウ	w1074.mp3	ユウ
わずら.う	w1075.mp3	わずらう
なや.む	w1076.mp3	なやむ
わる.い	w1077.mp3	わるい
かな.しい	w1078.mp3	かなしい
もだ.える	w1079.mp3	もだえる
いたむ	w1080.mp3	いたむ
なさ.け	w1081.mp3	なさけ
まど.う	w1082.mp3	まどう
うむ	w1083.mp3	うむ
あき.れる	w1084.mp3	あきれる
お.しい	w1085.mp3	おしい
おも.んみる	w1086.mp3	おもんみる
すべ.て	w1087.mp3	すべて
みじ.め	w1088.mp3	みじめ
シュウ	w1089.mp3	シュウ
あや.まる	w1090.mp3	あやまる
いよいよ	w1091.mp3	いよいよ
たの.しい	w1092.mp3	たのしい
おどろ.く	w1093.mp3	おどろく
おろ.か	w1094.mp3	おろか
いと.しい	w1095.mp3	いとしい
うった.える	w1096.mp3	うったえる
いたま.しい	w1097.mp3	いたましい
ためいき	w1098.mp3	ためいき
ふる.える	w1099.mp3	ふるえる
いつく.しむ	w1100.mp3	いつくしむ
あきたりる	w1101.mp3	あきたりる
わざ.と	w1102.mp3	わざと
あわ.てる	w1103.mp3	あわてる
ヒョウ	w1104.mp3	ヒョウ
した.う	w1105.mp3	したう
はじ	w1106.mp3	はじ
マン	w1107.mp3	マン
な.れる	w1108.mp3	なれる
たし.かに	w1109.mp3	たしかに
おもんぱく.る	w1110.mp3	おもんぱくる
なぐさ.める	w1111.mp3	なぐさめる
おし.む	w1112.mp3	おしむ
ものうい	w1113.mp3	ものうい
よろこ.び	w1114.mp3	よろこび
ヨク	w1115.mp3	ヨク
いこ.い	w1116.mp3	いこい
にく.む	w1117.mp3	にくむ
やつ.れる	w1118.mp3	やつれる
なまじ.い	w1119.mp3	なまじい
はばか.る	w1120.mp3	はばかる
いきどお.る	w1121.mp3	いきどおる
あこが.れる	w1122.mp3	あこがれる
あわれ.む	w1123.mp3	あわれむ
いつくし.む	w1124.mp3	いつくしむ
ねんごろ	w1125.mp3	ねんごろ
ねんご.ろ	w1126.mp3	ねんごろ
たわ.い	w1127.mp3	たわい
じれった.い	w1128.mp3	じれったい
し.げる	w1129.mp3	しげる
ふところ	w1130.mp3	ふところ
こ.りる	w1131.mp3	こりる
くい.る	w1132.mp3	くいる
か.ける	w1133.mp3	かける
ほこ	w1134.mp3	ほこ
つちのえ	w1135.mp3	つちのえ
いぬ	w1136.mp3	いぬ
まもり	w1137.mp3	まもり
な.る	w1138.mp3	なる
ザイ	w1139.mp3	ザイ
ショク	w1140.mp3	ショク
たわむ.れる	w1141.mp3	たわむれる
いただ.く	w1142.mp3	いただく
と	w1143.mp3	と
もど.す	w1144.mp3	もどす
ふさ	w1145.mp3	ふさ
ひらたい	w1146.mp3	ひらたい
おうぎ	w1147.mp3	おうぎ
とびら	w1148.mp3	とびら
て	w1149.mp3	て
う.つ	w1150.mp3	うつ
はら.う	w1151.mp3	はらう
たく.する	w1152.mp3	たくする
あ.げる	w1153.mp3	あげる
ふせ.ぐ	w1154.mp3	ふせぐ
ふん.する	w1155.mp3	ふんする
あつか.い	w1156.mp3	あつかい
ヒ	w1157.mp3	ヒ
おさ.える	w1158.mp3	おさえる
うけたまわ.る	w1159.mp3	うけたまわる
く.む	w1160.mp3	くむ
つ.ねる	w1161.mp3	つねる
など	w1162.mp3	など
な.げる	w1163.mp3	なげる
ト	w1164.mp3	ト
あらが.う	w1165.mp3	あらがう
お.る	w1166.mp3	おる
なげう.つ	w1167.mp3	なげうつ
ぬ.く	w1168.mp3	ぬく
えら.ぶ	w1169.mp3	えらぶ
もた.げる	w1170.mp3	もたげる
だ.く	w1171.mp3	だく
マツ	w1172.mp3	マツ
ひき-	w1173.mp3	ひき
かつ.ぐ	w1174.mp3	かつぐ
さく	w1175.mp3	さく
おやゆび	w1176.mp3	おやゆび
ひね.る	w1177.mp3	ひねる
らっ.する	w1178.mp3	らっする
ハン	w1179.mp3	ハン
つか.む	w1180.mp3	つかむ
こば.む	w1181.mp3	こばむ
ねじ.れる	w1182.mp3	ねじれる
かか.わる	w1183.mp3	かかわる
つたな.い	w1184.mp3	つたない
まね.く	w1185.mp3	まねく
おが.む	w1186.mp3	おがむ
ひろ.がる	w1187.mp3	ひろがる
くく.る	w1188.mp3	くくる
ぬぐ.う	w1189.mp3	ぬぐう
こまぬ.く	w1190.mp3	こまぬく
こぶし	w1191.mp3	こぶし
こしら.える	w1192.mp3	こしらえる
せま.る	w1193.mp3	せまる
ひろ.う	w1194.mp3	ひろう
も.つ	w1195.mp3	もつ
ゆび	w1196.mp3	ゆび
ひっさ.げる	w1197.mp3	ひっさげる
いど.む	w1198.mp3	いどむ
とち	w1199.mp3	とち
くじ.く	w1200.mp3	くじく
ふ.る	w1201.mp3	ふる
とら.える	w1202.mp3	とらえる
さば.く	w1203.mp3	さばく
こ.ねる	w1204.mp3	こねる
す.てる	w1205.mp3	すてる
と.らえる	w1206.mp3	とらえる
はかど.る	w1207.mp3	はかどる
さが.す	w1208.mp3	さがす
ささ.げる	w1209.mp3	ささげる
よじ.る	w1210.mp3	よじる
な.でる	w1211.mp3	なでる
す.える	w1212.mp3	すえる
むちう.つ	w1213.mp3	むちうつ
はや.い	w1214.mp3	はやい
ね.じる	w1215.mp3	ねじる
キン	w1216.mp3	キン
さず.ける	w1217.mp3	さずける
てのひら	w1218.mp3	てのひら
おきて	w1219.mp3	おきて
かす.める	w1220.mp3	かすめる
さぐ.る	w1221.mp3	さぐる
ひか.える	w1222.mp3	ひかえる
お.く	w1223.mp3	おく
きく.す	w1224.mp3	きくす
かか.げる	w1225.mp3	かかげる
ハバ	w1226.mp3	ハバ
か.く	w1227.mp3	かく
そろ.える	w1228.mp3	そろえる
はかりごと	w1229.mp3	はかりごと
も.む	w1230.mp3	もむ
えが.く	w1231.mp3	えがく
さ.げる	w1232.mp3	さげる
イツ	w1233.mp3	イツ
か.える	w1234.mp3	かえる
にぎ.る	w1235.mp3	にぎる
からか.う	w1236.mp3	からかう
ゆ.れる	w1237.mp3	ゆれる
そこ.なう	w1238.mp3	そこなう
から.める	w1239.mp3	からめる
たずさ.える	w1240.mp3	たずさえる
しぼ.る	w1241.mp3	しぼる
つ.む	w1242.mp3	つむ
くだ.く	w1243.mp3	くだく
ま.する	w1244.mp3	まする
モ	w1245.mp3	モ
たわ.む	w1246.mp3	たわむ
ボク	w1247.mp3	ボク
みだ.す	w1248.mp3	みだす
むちうつ	w1249.mp3	むちうつ
うごか.す	w1250.mp3	うごかす
みさお	w1251.mp3	みさお
まが.い	w1252.mp3	まがい
しりぞ.ける	w1253.mp3	しりぞける
なぐ.る	w1254.mp3	なぐる
ただす	w1255.mp3	ただす
くすぐ.る	w1256.mp3	くすぐる
よ.じる	w1257.mp3	よじる
あつ.まる	w1258.mp3	あつまる
さら.う	w1259.mp3	さらう
ささ.える	w1260.mp3	ささえる
かんが.える	w1261.mp3	かんがえる
せ.める	w1262.mp3	せめる
はな.す	w1263.mp3	はなす
まつりごと	w1264.mp3	まつりごと
ゆえ	w1265.mp3	ゆえ
あそ.ぶ	w1266.mp3	あそぶ
やぶ.れる	w1267.mp3	やぶれる
おし.える	w1268.mp3	おしえる
あ.えて	w1269.mp3	あえて
ち.る	w1270.mp3	ちる
うやま.う	w1271.mp3	うやまう
かず	w1272.mp3	かず
ととの.える	w1273.mp3	ととのえる
かたき	w1274.mp3	かたき
し.く	w1275.mp3	しく
そろ.う	w1276.mp3	そろう
とき	w1277.mp3	とき
ふ	w1278.mp3	ふ
なな.め	w1279.mp3	ななめ
おの	w1280.mp3	おの
た.つ	w1281.mp3	たつ
あたら.しい	w1282.mp3	あたらしい
おい.て	w1283.mp3	おいて
ほどこ.す	w1284.mp3	ほどこす
はたあし	w1285.mp3	はたあし
つくり	w1286.mp3	つくり
め.ぐる	w1287.mp3	めぐる
あら.わす	w1288.mp3	あらわす
なし	w1289.mp3	なし
すで.に	w1290.mp3	すでに
ひ	w1291.mp3	ひ
あさひ	w1292.mp3	あさひ
ひでり	w1293.mp3	ひでり
かがや.き	w1294.mp3	かがやき
あきぞら	w1295.mp3	あきぞら
あ.がる	w1296.mp3	あがる
のぼ.る	w1297.mp3	のぼる
そら	w1298.mp3	そら
あ.かり	w1299.mp3	あかり
むかし	w1300.mp3	むかし
ほし	w1301.mp3	ほし
はる	w1302.mp3	はる
サク	w1303.mp3	サク
すばる	w1304.mp3	すばる
ちかづ.く	w1305.mp3	ちかづく
チョウ	w1306.mp3	チョウ
ひる	w1307.mp3	ひる
あさ	w1308.mp3	あさ
おそ.い	w1309.mp3	おそい
さら.す	w1310.mp3	さらす
つごもり	w1311.mp3	つごもり
あした	w1312.mp3	あした
あまね.く	w1313.mp3	あまねく
は.れる	w1314.mp3	はれる
あかつき	w1315.mp3	あかつき
あたたか.い	w1316.mp3	あたたかい
ひま	w1317.mp3	ひま
ぼか.す	w1318.mp3	ぼかす
かが.やく	w1319.mp3	かがやく
あたた.か	w1320.mp3	あたたか
のび.る	w1321.mp3	のびる
こよみ	w1322.mp3	こよみ
しばら.く	w1323.mp3	しばらく
あば.く	w1324.mp3	あばく
ヘツ	w1325.mp3	ヘツ
くも.る	w1326.mp3	くもる
あけぼの	w1327.mp3	あけぼの
さき.に	w1328.mp3	さきに
いわ.く	w1329.mp3	いわく
ま.がる	w1330.mp3	まがる
さら	w1331.mp3	さら
なが.い	w1332.mp3	ながい
ついたち	w1333.mp3	ついたち
チン	w1334.mp3	チン
ほが.らか	w1335.mp3	ほがらか
のぞ.む	w1336.mp3	のぞむ
おぼろ	w1337.mp3	おぼろ
き	w1338.mp3	き
いま.だ	w1339.mp3	いまだ
すえ	w1340.mp3	すえ
ふだ	w1341.mp3	ふだ
もちあわ	w1342.mp3	もちあわ
あけ	w1343.mp3	あけ
ほう	w1344.mp3	ほう
えだ	w1345.mp3	えだ
おおご	w1346.mp3	おおご
つくえ	w1347.mp3	つくえ
く.ちる	w1348.mp3	くちる
とげ	w1349.mp3	とげ
てこ	w1350.mp3	てこ
すぎ	w1351.mp3	すぎ
すもも	w1352.mp3	すもも
あんず	w1353.mp3	あんず
むら	w1354.mp3	むら
ひしゃく	w1355.mp3	ひしゃく
くい	w1356.mp3	くい
もり	w1357.mp3	もり
たば	w1358.mp3	たば
ちぎり	w1359.mp3	ちぎり
もく	w1360.mp3	もく
そま	w1361.mp3	そま
こずえ	w1362.mp3	こずえ
ひがし	w1363.mp3	ひがし
きね	w1364.mp3	きね
まつ	w1365.mp3	まつ
ひじき	w1366.mp3	ひじき
ま.げる	w1367.mp3	まげる
セキ	w1368.mp3	セキ
まくら	w1369.mp3	まくら
はやし	w1370.mp3	はやし
マイ	w1371.mp3	マイ
は.たす	w1372.mp3	はたす
わく	w1373.mp3	わく
とぼそ	w1374.mp3	とぼそ
はぜ	w1375.mp3	はぜ
からたち	w1376.mp3	からたち
かせ	w1377.mp3	かせ
かじ	w1378.mp3	かじ
がら	w1379.mp3	がら
ひいらぎ	w1380.mp3	ひいらぎ
かしわ	w1381.mp3	かしわ
それがし	w1382.mp3	それがし
そ.める	w1383.mp3	そめる
やわ.らか	w1384.mp3	やわらか
そ	w1385.mp3	そ
ゆず	w1386.mp3	ゆず
ひょうしぎ	w1387.mp3	ひょうしぎ
ははそ	w1388.mp3	ははそ
く	w1389.mp3	く
ひちぎ	w1390.mp3	ひちぎ
トツ	w1391.mp3	トツ
はしら	w1392.mp3	はしら
やなぎ	w1393.mp3	やなぎ
しば	w1394.mp3	しば
しがら.む	w1395.mp3	しがらむ
まさ	w1396.mp3	まさ
つが	w1397.mp3	つが
さか.える	w1398.mp3	さかえる
くり	w1399.mp3	くり
しおり	w1400.mp3	しおり
くぬぎ	w1401.mp3	くぬぎ
かぶ	w1402.mp3	かぶ
かえ	w1403.mp3	かえ
もみじ	w1404.mp3	もみじ
けた	w1405.mp3	けた
かつら	w1406.mp3	かつら
もも	w1407.mp3	もも
かまち	w1408.mp3	かまち
あしかせ	w1409.mp3	あしかせ
きり	w1410.mp3	きり
くわ	w1411.mp3	くわ
さくら	w1412.mp3	さくら
かけはし	w1413.mp3	かけはし
ひのき	w1414.mp3	ひのき
ばち	w1415.mp3	ばち
おけ	w1416.mp3	おけ
たるき	w1417.mp3	たるき
うるし	w1418.mp3	うるし
クン	w1419.mp3	クン
はり	w1420.mp3	はり
うめ	w1421.mp3	うめ
てかせ	w1422.mp3	てかせ
あずさ	w1423.mp3	あずさ
くちなし	w1424.mp3	くちなし
ふさぐ	w1425.mp3	ふさぐ
ふくろう	w1426.mp3	ふくろう
あおぎり	w1427.mp3	あおぎり
はしご	w1428.mp3	はしご
こう.る	w1429.mp3	こうる
と.く	w1430.mp3	とく
ボン	w1431.mp3	ボン
ヒン	w1432.mp3	ヒン
ふむと	w1433.mp3	ふむと
わた	w1434.mp3	わた
ご	w1435.mp3	ご
ねむのき	w1436.mp3	ねむのき
なつめ	w1437.mp3	なつめ
いばら	w1438.mp3	いばら
たな	w1439.mp3	たな
やまなし	w1440.mp3	やまなし
にわざくら	w1441.mp3	にわざくら
さお	w1442.mp3	さお
はち	w1443.mp3	はち
キク	w1444.mp3	キク
むく	w1445.mp3	むく
はじかみ	w1446.mp3	はじかみ
かば	w1447.mp3	かば
しら.べる	w1448.mp3	しらべる
しで	w1449.mp3	しで
まげもの	w1450.mp3	まげもの
たぶ	w1451.mp3	たぶ
ポン	w1452.mp3	ポン
やし	w1453.mp3	やし
むくげ	w1454.mp3	むくげ
さわら	w1455.mp3	さわら
えん	w1456.mp3	えん
つばき	w1457.mp3	つばき
かえで	w1458.mp3	かえで
くさび	w1459.mp3	くさび
しげる	w1460.mp3	しげる
おおち	w1461.mp3	おおち
かど	w1462.mp3	かど
くす	w1463.mp3	くす
にれ	w1464.mp3	にれ
なら	w1465.mp3	なら
チャ	w1466.mp3	チャ
こうぞ	w1467.mp3	こうぞ
たて	w1468.mp3	たて
きわ.める	w1469.mp3	きわめる
きささげ	w1470.mp3	きささげ
たかどの	w1471.mp3	たかどの
はんぞう	w1472.mp3	はんぞう
おおむ.ね	w1473.mp3	おおむね
さかき	w1474.mp3	さかき
えのき	w1475.mp3	えのき
くれ	w1476.mp3	くれ
あこう	w1477.mp3	あこう
はしばみ	w1478.mp3	はしばみ
ベイ	w1479.mp3	ベイ
かや	w1480.mp3	かや
オツ	w1481.mp3	オツ
ざくろ	w1482.mp3	ざくろ
こしかけ	w1483.mp3	こしかけ
ほた	w1484.mp3	ほた
たら.い	w1485.mp3	たらい
まき	w1486.mp3	まき
やり	w1487.mp3	やり
いかだ	w1488.mp3	いかだ
えんじゅ	w1489.mp3	えんじゅ
さま	w1490.mp3	さま
かし	w1491.mp3	かし
ふね	w1492.mp3	ふね
もみ	w1493.mp3	もみ
まがき	w1494.mp3	まがき
しきみ	w1495.mp3	しきみ
しるべ	w1496.mp3	しるべ
つた	w1497.mp3	つた
おもり	w1498.mp3	おもり
よこ	w1499.mp3	よこ
ほくそ	w1500.mp3	ほくそ
きこ.る	w1501.mp3	きこる
ふし	w1502.mp3	ふし
こはだ	w1503.mp3	こはだ
たる	w1504.mp3	たる
そり	w1505.mp3	そり
はし	w1506.mp3	はし
たちばな	w1507.mp3	たちばな
だいだい	w1508.mp3	だいだい
まゆみ	w1509.mp3	まゆみ
げき.する	w1510.mp3	げきする
きはだ	w1511.mp3	きはだ
ゆだめ	w1512.mp3	ゆだめ
ほばしら	w1513.mp3	ほばしら
モウ	w1514.mp3	モウ
おり	w1515.mp3	おり
さかだる	w1516.mp3	さかだる
やぐら	w1517.mp3	やぐら
ロ	w1518.mp3	ロ
かいばおけ	w1519.mp3	かいばおけ
れんじ	w1520.mp3	れんじ
てすり	w1521.mp3	てすり
けやき	w1522.mp3	けやき
おうち	w1523.mp3	おうち
うっ.する	w1524.mp3	うっする
うた.う	w1525.mp3	うたう
ほっ.する	w1526.mp3	ほっする
なげく	w1527.mp3	なげく
アイ	w1528.mp3	アイ
そばだ.てる	w1529.mp3	そばだてる
あざむ.く	w1530.mp3	あざむく
あきたりない	w1531.mp3	あきたりない
すすりな.く	w1532.mp3	すすりなく
と.まる	w1533.mp3	とまる
ただ.しい	w1534.mp3	ただしい
ある.く	w1535.mp3	あるく
いが.む	w1536.mp3	いがむ
よわい	w1537.mp3	よわい
レキ	w1538.mp3	レキ
ガツ	w1539.mp3	ガツ
し.ぬ	w1540.mp3	しぬ
しぬ	w1541.mp3	しぬ
わかじに	w1542.mp3	わかじに
わざわい	w1543.mp3	わざわい
ほとほと	w1544.mp3	ほとほと
のこ.る	w1545.mp3	のこる
うえじに	w1546.mp3	うえじに
ふ.える	w1547.mp3	ふえる
たお.す	w1548.mp3	たおす
つき.る	w1549.mp3	つきる
かりもがり	w1550.mp3	かりもがり
つく.す	w1551.mp3	つくす
との	w1552.mp3	との
こぼ.つ	w1553.mp3	こぼつ
ごと	w1554.mp3	ごと
ドク	w1555.mp3	ドク
そだ.つ	w1556.mp3	そだつ
くら.べる	w1557.mp3	くらべる
け	w1558.mp3	け
むし.る	w1559.mp3	むしる
ごう.も	w1560.mp3	ごうも
いが	w1561.mp3	いが
けば	w1562.mp3	けば
もうせん	w1563.mp3	もうせん
うじ	w1564.mp3	うじ
たみ	w1565.mp3	たみ
みず	w1566.mp3	みず
さんずい	w1567.mp3	さんずい
みぎわ	w1568.mp3	みぎわ
しる	w1569.mp3	しる
もと.める	w1570.mp3	もとめる
ただよ.う	w1571.mp3	ただよう
あせ	w1572.mp3	あせ
けが.す	w1573.mp3	けがす
みずがね	w1574.mp3	みずがね
いけ	w1575.mp3	いけ
ねた	w1576.mp3	ねた
しず.む	w1577.mp3	しずむ
ヘン	w1578.mp3	ヘン
し.みる	w1579.mp3	しみる
そそ.ぐ	w1580.mp3	そそぐ
もく.する	w1581.mp3	もくする
おぼ.れる	w1582.mp3	おぼれる
くつ	w1583.mp3	くつ
すな	w1584.mp3	すな
なぎさ	w1585.mp3	なぎさ
さわ	w1586.mp3	さわ
あわ	w1587.mp3	あわ
はば.む	w1588.mp3	はばむ
わ.く	w1589.mp3	わく
あぶら	w1590.mp3	あぶら
デン	w1591.mp3	デン
ぬま	w1592.mp3	ぬま
あた.い	w1593.mp3	あたい
うるお.う	w1594.mp3	うるおう
そ.う	w1595.mp3	そう
も.れる	w1596.mp3	もれる
およぐ	w1597.mp3	およぐ
いずみ	w1598.mp3	いずみ
ヒツ	w1599.mp3	ヒツ
のり	w1600.mp3	のり
なみだ	w1601.mp3	なみだ
うか.ぶ	w1602.mp3	うかぶ
さかのぼる	w1603.mp3	さかのぼる
なみ	w1604.mp3	なみ
どろ	w1605.mp3	どろ
ほろ.びる	w1606.mp3	ほろびる
およ.ぐ	w1607.mp3	およぐ
あら.う	w1608.mp3	あらう
ラク	w1609.mp3	ラク
ほら	w1610.mp3	ほら
はなしる	w1611.mp3	はなしる
つ	w1612.mp3	つ
も.らす	w1613.mp3	もらす
みぞ	w1614.mp3	みぞ
の.ぶ	w1615.mp3	のぶ
い.きる	w1616.mp3	いきる
なが.れる	w1617.mp3	ながれる
きよ.める	w1618.mp3	きよめる
あさ.い	w1619.mp3	あさい
セツ	w1620.mp3	セツ
さら.える	w1621.mp3	さらえる
はま	w1622.mp3	はま
うら	w1623.mp3	うら
かいり	w1624.mp3	かいり
う.く	w1625.mp3	うく
あ.びる	w1626.mp3	あびる
うみ	w1627.mp3	うみ
ひた.す	w1628.mp3	ひたす
き.える	w1629.mp3	きえる
よだれ	w1630.mp3	よだれ
よど.む	w1631.mp3	よどむ
ま.じる	w1632.mp3	まじる
しと.やか	w1633.mp3	しとやか
すご.む	w1634.mp3	すごむ
リク	w1635.mp3	リク
よな.げる	w1636.mp3	よなげる
あわ.い	w1637.mp3	あわい
にらぐ	w1638.mp3	にらぐ
ワイ	w1639.mp3	ワイ
ふち	w1640.mp3	ふち
そ.える	w1641.mp3	そえる
しぶ	w1642.mp3	しぶ
へ.る	w1643.mp3	へる
かわ.る	w1644.mp3	かわる
とど.まる	w1645.mp3	とどまる
ボツ	w1646.mp3	ボツ
うず	w1647.mp3	うず
みなと	w1648.mp3	みなと
あそ.び	w1649.mp3	あそび
びょう.たる	w1650.mp3	びょうたる
みずうみ	w1651.mp3	みずうみ
くて	w1652.mp3	くて
ゆ	w1653.mp3	ゆ
いりえ	w1654.mp3	いりえ
しめ.る	w1655.mp3	しめる
み.ちる	w1656.mp3	みちる
も.る	w1657.mp3	もる
みなもと	w1658.mp3	みなもと
た.まる	w1659.mp3	たまる
こぼ.れる	w1660.mp3	こぼれる
さかのぼ.る	w1661.mp3	さかのぼる
いばり	w1662.mp3	いばり
と.ける	w1663.mp3	とける
むしあつ.い	w1664.mp3	むしあつい
すべ.る	w1665.mp3	すべる
はびこ.る	w1666.mp3	はびこる
たき	w1667.mp3	たき
とどこお.る	w1668.mp3	とどこおる
しずく	w1669.mp3	しずく
ほとり	w1670.mp3	ほとり
たぎ.る	w1671.mp3	たぎる
あさ.る	w1672.mp3	あさる
こ.し	w1673.mp3	こし
うす.い	w1674.mp3	うすい
こ.ぐ	w1675.mp3	こぐ
バク	w1676.mp3	バク
さざなみ	w1677.mp3	さざなみ
みだり.に	w1678.mp3	みだりに
くちすす.ぐ	w1679.mp3	くちすすぐ
みなぎ.る	w1680.mp3	みなぎる
ようや.く	w1681.mp3	ようやく
こんず	w1682.mp3	こんず
エイ	w1683.mp3	エイ
いさぎよ.い	w1684.mp3	いさぎよい
ひそ.む	w1685.mp3	ひそむ
にわたずみ	w1686.mp3	にわたずみ
つぶ.す	w1687.mp3	つぶす
すま.す	w1688.mp3	すます
みお	w1689.mp3	みお
はげ.しい	w1690.mp3	はげしい
にご.る	w1691.mp3	にごる
こ.い	w1692.mp3	こい
こさめ	w1693.mp3	こさめ
ぬれ.る	w1694.mp3	ぬれる
こ.す	w1695.mp3	こす
くだ.す	w1696.mp3	くだす
したた.る	w1697.mp3	したたる
とろ	w1698.mp3	とろ
せ	w1699.mp3	せ
なだ	w1700.mp3	なだ
はい	w1701.mp3	はい
やいと	w1702.mp3	やいと
あらた	w1703.mp3	あらた
わざわ.い	w1704.mp3	わざわい
いろり	w1705.mp3	いろり
た.く	w1706.mp3	たく
ほのお	w1707.mp3	ほのお
あぶ.る	w1708.mp3	あぶる
ため	w1709.mp3	ため
からす	w1710.mp3	からす
や.く	w1711.mp3	やく
む.す	w1712.mp3	むす
けむ.る	w1713.mp3	けむる
のろし	w1714.mp3	のろし
いずく.んぞ	w1715.mp3	いずくんぞ
ほう.じる	w1716.mp3	ほうじる
かがや.く	w1717.mp3	かがやく
こ.げる	w1718.mp3	こげる
しか	w1719.mp3	しか
きらめ.く	w1720.mp3	きらめく
せん.じる	w1721.mp3	せんじる
ひとりもの	w1722.mp3	ひとりもの
すす	w1723.mp3	すす
て.る	w1724.mp3	てる
くす.べる	w1725.mp3	くすべる
おおづつ	w1726.mp3	おおづつ
う.れる	w1727.mp3	うれる
のし	w1728.mp3	のし
も.える	w1729.mp3	もえる
かがりび	w1730.mp3	かがりび
つばめ	w1731.mp3	つばめ
はしゃ.ぐ	w1732.mp3	はしゃぐ
さん.たる	w1733.mp3	さんたる
ひうち	w1734.mp3	ひうち
ともしび	w1735.mp3	ともしび
タツ	w1736.mp3	タツ
のび	w1737.mp3	のび
もえのこり	w1738.mp3	もえのこり
は.ぜる	w1739.mp3	はぜる
とか.す	w1740.mp3	とかす
ただ.れる	w1741.mp3	ただれる
かし.ぐ	w1742.mp3	かしぐ
つめ	w1743.mp3	つめ
ここ.に	w1744.mp3	ここに
じい	w1745.mp3	じい
まないた	w1746.mp3	まないた
ゆか	w1747.mp3	ゆか
かた-	w1748.mp3	かた
ぱい	w1749.mp3	ぱい
きば	w1750.mp3	きば
めす	w1751.mp3	めす
おす	w1752.mp3	おす
もの	w1753.mp3	もの
すき	w1754.mp3	すき
ひし.めく	w1755.mp3	ひしめく
ねぎら.う	w1756.mp3	ねぎらう
まだらうし	w1757.mp3	まだらうし
いけにえ	w1758.mp3	いけにえ
こうし	w1759.mp3	こうし
やまいぬ	w1760.mp3	やまいぬ
くる.う	w1761.mp3	くるう
ちん	w1762.mp3	ちん
きつね	w1763.mp3	きつね
ひひ	w1764.mp3	ひひ
ねら.う	w1765.mp3	ねらう
こま	w1766.mp3	こま
ずる.い	w1767.mp3	ずるい
むじな	w1768.mp3	むじな
ひと.り	w1769.mp3	ひとり
せま.い	w1770.mp3	せまい
たぬき	w1771.mp3	たぬき
おおかみ	w1772.mp3	おおかみ
みだ.ら	w1773.mp3	みだら
しょうじょう	w1774.mp3	しょうじょう
ねこ	w1775.mp3	ねこ
いのしし	w1776.mp3	いのしし
さる	w1777.mp3	さる
わるがしこ.い	w1778.mp3	わるがしこい
ゴク	w1779.mp3	ゴク
ケツ	w1780.mp3	ケツ
けもの	w1781.mp3	けもの
くろ	w1782.mp3	くろ
ひき.いる	w1783.mp3	ひきいる
もちあそ.ぶ	w1784.mp3	もちあそぶ
たいまい	w1785.mp3	たいまい
かみかざり	w1786.mp3	かみかざり
センチ	w1787.mp3	センチ
めずら.しい	w1788.mp3	めずらしい
みみだま	w1789.mp3	みみだま
おびだま	w1790.mp3	おびだま
あらわ.れる	w1791.mp3	あらわれる
ことわり	w1792.mp3	ことわり
みが.く	w1793.mp3	みがく
つらぬく	w1794.mp3	つらぬく
あら	w1795.mp3	あら
ノウ	w1796.mp3	ノウ
ユ	w1797.mp3	ユ
みず-	w1798.mp3	みず
おおごと	w1799.mp3	おおごと
ル	w1800.mp3	ル
ちいさ.い	w1801.mp3	ちいさい
メ	w1802.mp3	メ
いし	w1803.mp3	いし
あらたま	w1804.mp3	あらたま
わ	w1805.mp3	わ
うり	w1806.mp3	うり
わきま.える	w1807.mp3	わきまえる
かわら	w1808.mp3	かわら
デカグラム	w1809.mp3	デカグラム
キログラム	w1810.mp3	キログラム
もたい	w1811.mp3	もたい
デシグラム	w1812.mp3	デシグラム
ミリグラム	w1813.mp3	ミリグラム
ヘクトグラム	w1814.mp3	ヘクトグラム
しきがわら	w1815.mp3	しきがわら
センチグラム	w1816.mp3	センチグラム
ほとぎ	w1817.mp3	ほとぎ
いらか	w1818.mp3	いらか
こしき	w1819.mp3	こしき
あま.い	w1820.mp3	あまい
はなは.だ	w1821.mp3	はなはだ
うま.い	w1822.mp3	うまい
おい	w1823.mp3	おい
よみがえ.る	w1824.mp3	よみがえる
もち.いる	w1825.mp3	もちいる
はじ.めて	w1826.mp3	はじめて
きのえ	w1827.mp3	きのえ
もう.す	w1828.mp3	もうす
おとこ	w1829.mp3	おとこ
まち	w1830.mp3	まち
たが.やす	w1831.mp3	たがやす
あぜ	w1832.mp3	あぜ
もっこ	w1833.mp3	もっこ
チク	w1834.mp3	チク
おわ.る	w1835.mp3	おわる
ほぼ	w1836.mp3	ほぼ
けさ	w1837.mp3	けさ
つが.い	w1838.mp3	つがい
ヨ	w1839.mp3	ヨ
たた.む	w1840.mp3	たたむ
うね	w1841.mp3	うね
なわて	w1842.mp3	なわて
あし	w1843.mp3	あし
うと.い	w1844.mp3	うとい
あら.い	w1845.mp3	あらい
うたが.う	w1846.mp3	うたがう
やま.しい	w1847.mp3	やましい
いぼ	w1848.mp3	いぼ
もがさ	w1849.mp3	もがさ
はしか	w1850.mp3	はしか
うず.く	w1851.mp3	うずく
かゆ.がる	w1852.mp3	かゆがる
しもがさ	w1853.mp3	しもがさ
いた.い	w1854.mp3	いたい
つかえ	w1855.mp3	つかえ
や.せる	w1856.mp3	やせる
しび.れる	w1857.mp3	しびれる
し.れる	w1858.mp3	しれる
やまい	w1859.mp3	やまい
な.える	w1860.mp3	なえる
い.える	w1861.mp3	いえる
えやみ	w1862.mp3	えやみ
やせ.る	w1863.mp3	やせる
こぶ	w1864.mp3	こぶ
おこり	w1865.mp3	おこり
ルイ	w1866.mp3	ルイ
ひきつけ	w1867.mp3	ひきつけ
ガン	w1868.mp3	ガン
くせ	w1869.mp3	くせ
なまず	w1870.mp3	なまず
かゆ.い	w1871.mp3	かゆい
しゃく	w1872.mp3	しゃく
たむし	w1873.mp3	たむし
はれもの	w1874.mp3	はれもの
みずのと	w1875.mp3	みずのと
かたち	w1876.mp3	かたち
まと	w1877.mp3	まと
さつき	w1878.mp3	さつき
しろ.い	w1879.mp3	しろい
にきび	w1880.mp3	にきび
ひび	w1881.mp3	ひび
つづみ	w1882.mp3	つづみ
しわ	w1883.mp3	しわ
み.たす	w1884.mp3	みたす
メイ	w1885.mp3	メイ
つ.くす	w1886.mp3	つくす
たらい	w1887.mp3	たらい
とろ.かす	w1888.mp3	とろかす
め	w1889.mp3	め
めくら	w1890.mp3	めくら
ただ.ちに	w1891.mp3	ただちに
あい-	w1892.mp3	あい
にら.む	w1893.mp3	にらむ
かえり.みる	w1894.mp3	かえりみる
まゆ	w1895.mp3	まゆ
み.る	w1896.mp3	みる
ま	w1897.mp3	ま
ねむ.る	w1898.mp3	ねむる
てい	w1899.mp3	てい
まなじり	w1900.mp3	まなじり
げん.す	w1901.mp3	げんす
ひとみ	w1902.mp3	ひとみ
なが.める	w1903.mp3	ながめる
まなこ	w1904.mp3	まなこ
ながしめ	w1905.mp3	ながしめ
むつ.まじい	w1906.mp3	むつまじい
まつげ	w1907.mp3	まつげ
い.かる	w1908.mp3	いかる
めい.する	w1909.mp3	めいする
だま.す	w1910.mp3	だます
みは.る	w1911.mp3	みはる
ベツ	w1912.mp3	ベツ
またた.く	w1913.mp3	またたく
まぶた	w1914.mp3	まぶた
めし.い	w1915.mp3	めしい
なお.い	w1916.mp3	なおい
し.る	w1917.mp3	しる
は.ぐ	w1918.mp3	はぐ
かね	w1919.mp3	かね
みじか.い	w1920.mp3	みじかい
た.める	w1921.mp3	ためる
みぎり	w1922.mp3	みぎり
と.ぐ	w1923.mp3	とぐ
ソ	w1924.mp3	ソ
きぬた	w1925.mp3	きぬた
やぶ.る	w1926.mp3	やぶる
あらと	w1927.mp3	あらと
あらがね	w1928.mp3	あらがね
すずり	w1929.mp3	すずり
いかり	w1930.mp3	いかり
ろく.な	w1931.mp3	ろくな
いしぶみ	w1932.mp3	いしぶみ
たし.か	w1933.mp3	たしか
こばち	w1934.mp3	こばち
ヘキ	w1935.mp3	ヘキ
やーど	w1936.mp3	やーど
ぽんど	w1937.mp3	ぽんど
う.す	w1938.mp3	うす
いそ	w1939.mp3	いそ
イク	w1940.mp3	イク
いしずえ	w1941.mp3	いしずえ
つぶて	w1942.mp3	つぶて
しめ.す	w1943.mp3	しめす
やしろ	w1944.mp3	やしろ
まつ.る	w1945.mp3	まつる
くにつかみ	w1946.mp3	くにつかみ
いの.る	w1947.mp3	いのる
ひ.める	w1948.mp3	ひめる
いわ.う	w1949.mp3	いわう
たた.る	w1950.mp3	たたる
ほこら	w1951.mp3	ほこら
ネ	w1952.mp3	ネ
こめぐら	w1953.mp3	こめぐら
しずか	w1954.mp3	しずか
みそぎ	w1955.mp3	みそぎ
きび	w1956.mp3	きび
あしあと	w1957.mp3	あしあと
おながざる	w1958.mp3	おながざる
とり	w1959.mp3	とり
いね	w1960.mp3	いね
ちび.る	w1961.mp3	ちびる
ひい.でる	w1962.mp3	ひいでる
あき	w1963.mp3	あき
ビョウ	w1964.mp3	ビョウ
しいな	w1965.mp3	しいな
まぐさ	w1966.mp3	まぐさ
はかり	w1967.mp3	はかり
なえ	w1968.mp3	なえ
チツ	w1969.mp3	チツ
くろきび	w1970.mp3	くろきび
たた.える	w1971.mp3	たたえる
わら	w1972.mp3	わら
ほど	w1973.mp3	ほど
やや	w1974.mp3	やや
ゼイ	w1975.mp3	ゼイ
みの.る	w1976.mp3	みのる
ひえ	w1977.mp3	ひえ
いとけない	w1978.mp3	いとけない
たね	w1979.mp3	たね
かせ.ぐ	w1980.mp3	かせぐ
コク	w1981.mp3	コク
いと.けない	w1982.mp3	いとけない
ほさき	w1983.mp3	ほさき
おだ.やか	w1984.mp3	おだやか
あめ	w1985.mp3	あめ
おとしあな	w1986.mp3	おとしあな
うが.つ	w1987.mp3	うがつ
すぼ.める	w1988.mp3	すぼめる
まど	w1989.mp3	まど
あなぐら	w1990.mp3	あなぐら
たしな.める	w1991.mp3	たしなめる
いわや	w1992.mp3	いわや
かま	w1993.mp3	かま
や.つる	w1994.mp3	やつる
かまど	w1995.mp3	かまど
かく.れる	w1996.mp3	かくれる
デカリットル	w1997.mp3	デカリットル
キロリットル	w1998.mp3	キロリットル
ミリリットル	w1999.mp3	ミリリットル
デシリットル	w2000.mp3	デシリットル
たつ	w2001.mp3	たつ
ヘクトリットル	w2002.mp3	ヘクトリットル
わらわ	w2003.mp3	わらわ
わらべ	w2004.mp3	わらべ
すく.む	w2005.mp3	すくむ
センチリットル	w2006.mp3	センチリットル
ジク	w2007.mp3	ジク
うつぼ	w2008.mp3	うつぼ
こうがい	w2009.mp3	こうがい
ざる	w2010.mp3	ざる
たけのこ	w2011.mp3	たけのこ
ふえ	w2012.mp3	ふえ
むち	w2013.mp3	むち
ダイ	w2014.mp3	ダイ
あしぶえ	w2015.mp3	あしぶえ
ささ	w2016.mp3	ささ
ささら	w2017.mp3	ささら
ふで	w2018.mp3	ふで
はず	w2019.mp3	はず
ひと.しい	w2020.mp3	ひとしい
すじ	w2021.mp3	すじ
うけ	w2022.mp3	うけ
かたみ	w2023.mp3	かたみ
つつ	w2024.mp3	つつ
こた.える	w2025.mp3	こたえる
かけひ	w2026.mp3	かけひ
しの	w2027.mp3	しの
めどぎ	w2028.mp3	めどぎ
へら	w2029.mp3	へら
たが	w2030.mp3	たが
すだれ	w2031.mp3	すだれ
そろ	w2032.mp3	そろ
えびら	w2033.mp3	えびら
す.げる	w2034.mp3	すげる
くだ	w2035.mp3	くだ
たかむら	w2036.mp3	たかむら
きず.く	w2037.mp3	きずく
リキ	w2038.mp3	リキ
かご	w2039.mp3	かご
くろだけ	w2040.mp3	くろだけ
とま	w2041.mp3	とま
むら.がる	w2042.mp3	むらがる
みの	w2043.mp3	みの
やな	w2044.mp3	やな
たかむしろ	w2045.mp3	たかむしろ
かんざし	w2046.mp3	かんざし
ひ.る	w2047.mp3	ひる
ボ	w2048.mp3	ボ
かずとり	w2049.mp3	かずとり
やぶ	w2050.mp3	やぶ
くじ	w2051.mp3	くじ
こめ	w2052.mp3	こめ
デカメートル	w2053.mp3	デカメートル
キロメートル	w2054.mp3	キロメートル
くめ	w2055.mp3	くめ
デシメートル	w2056.mp3	デシメートル
ミリ	w2057.mp3	ミリ
ぬか	w2058.mp3	ぬか
つぶ	w2059.mp3	つぶ
かす	w2060.mp3	かす
ねば.る	w2061.mp3	ねばる
しとぎ	w2062.mp3	しとぎ
かゆ	w2063.mp3	かゆ
ヘクトメートル	w2064.mp3	ヘクトメートル
うるち	w2065.mp3	うるち
すくも	w2066.mp3	すくも
かて	w2067.mp3	かて
いい	w2068.mp3	いい
ちまき	w2069.mp3	ちまき
しら.げる	w2070.mp3	しらげる
こうじ	w2071.mp3	こうじ
ほしい	w2072.mp3	ほしい
もちごめ	w2073.mp3	もちごめ
せり	w2074.mp3	せり
いと	w2075.mp3	いと
ただ.す	w2076.mp3	ただす
しりがい	w2077.mp3	しりがい
つづ.まる	w2078.mp3	つづまる
べに	w2079.mp3	べに
まが.る	w2080.mp3	まがる
モン	w2081.mp3	モン
ひも	w2082.mp3	ひも
うすぎぬ	w2083.mp3	うすぎぬ
おおづな	w2084.mp3	おおづな
まぎ.れる	w2085.mp3	まぎれる
つむ.ぐ	w2086.mp3	つむぐ
むらさき	w2087.mp3	むらさき
つむぎ	w2088.mp3	つむぎ
からげる	w2089.mp3	からげる
ほそ.い	w2090.mp3	ほそい
きずな	w2091.mp3	きずな
お.わる	w2092.mp3	おわる
むす.ぶ	w2093.mp3	むすぶ
ぬめ	w2094.mp3	ぬめ
さなだ	w2095.mp3	さなだ
から.む	w2096.mp3	からむ
かすり	w2097.mp3	かすり
たま.う	w2098.mp3	たまう
す.べる	w2099.mp3	すべる
つづ.く	w2100.mp3	つづく
もじ	w2101.mp3	もじ
まとう	w2102.mp3	まとう
な.う	w2103.mp3	なう
わが.ねる	w2104.mp3	わがねる
つな	w2105.mp3	つな
あみ	w2106.mp3	あみ
と.じる	w2107.mp3	とじる
ほころ.びる	w2108.mp3	ほころびる
す.べて	w2109.mp3	すべて
みどり	w2110.mp3	みどり
ドン	w2111.mp3	ドン
し.まる	w2112.mp3	しまる
あ.む	w2113.mp3	あむ
ゆる.い	w2114.mp3	ゆるい
メン	w2115.mp3	メン
よこいと	w2116.mp3	よこいと
こまか.い	w2117.mp3	こまかい
なわ	w2118.mp3	なわ
さしはさ.む	w2119.mp3	さしはさむ
くび.る	w2120.mp3	くびる
すが.る	w2121.mp3	すがる
しば.る	w2122.mp3	しばる
しげし	w2123.mp3	しげし
かが.る	w2124.mp3	かがる
ぬ.う	w2125.mp3	ぬう
ちぢ.む	w2126.mp3	ちぢむ
はなだ	w2127.mp3	はなだ
もつ.れる	w2128.mp3	もつれる
あやま.る	w2129.mp3	あやまる
ぬいとり	w2130.mp3	ぬいとり
つくろ.う	w2131.mp3	つくろう
ひもと.く	w2132.mp3	ひもとく
まと.う	w2133.mp3	まとう
むつき	w2134.mp3	むつき
ウン	w2135.mp3	ウン
たずね.る	w2136.mp3	たずねる
おおし	w2137.mp3	おおし
ぼろ	w2138.mp3	ぼろ
あつ.める	w2139.mp3	あつめる
しぼり	w2140.mp3	しぼり
まつ.わる	w2141.mp3	まつわる
わずか	w2142.mp3	わずか
はたぼこ	w2143.mp3	はたぼこ
ともづな	w2144.mp3	ともづな
あみがしら	w2145.mp3	あみがしら
うさぎあみ	w2146.mp3	うさぎあみ
わな	w2147.mp3	わな
こめ.る	w2148.mp3	こめる
つみ	w2149.mp3	つみ
ばっ.する	w2150.mp3	ばっする
ののし.る	w2151.mp3	ののしる
まか.り-	w2152.mp3	まかり
はっ.する	w2153.mp3	はっする
うすもの	w2154.mp3	うすもの
ひぐま	w2155.mp3	ひぐま
おもが.い	w2156.mp3	おもがい
ひつじ	w2157.mp3	ひつじ
こひつじ	w2158.mp3	こひつじ
かもしか	w2159.mp3	かもしか
おひつじ	w2160.mp3	おひつじ
む.れる	w2161.mp3	むれる
うらや.む	w2162.mp3	うらやむ
あつもの	w2163.mp3	あつもの
なまぐさ.い	w2164.mp3	なまぐさい
はね	w2165.mp3	はね
かわせみ	w2166.mp3	かわせみ
かけ.る	w2167.mp3	かける
ひるが.える	w2168.mp3	ひるがえる
もてあそ.ぶ	w2169.mp3	もてあそぶ
ひるがえ.る	w2170.mp3	ひるがえる
つばさ	w2171.mp3	つばさ
お.いる	w2172.mp3	おいる
おいぼ.れる	w2173.mp3	おいぼれる
おい.る	w2174.mp3	おいる
としより	w2175.mp3	としより
しこ.うして	w2176.mp3	しこうして
くさぎ.る	w2177.mp3	くさぎる
す.く	w2178.mp3	すく
みみ	w2179.mp3	みみ
ふけ.る	w2180.mp3	ふける
ひかり	w2181.mp3	ひかり
きく	w2182.mp3	きく
いささか	w2183.mp3	いささか
ひじり	w2184.mp3	ひじり
へい.する	w2185.mp3	へいする
つら.なる	w2186.mp3	つらなる
そび.える	w2187.mp3	そびえる
つら.ねる	w2188.mp3	つらねる
あばら	w2189.mp3	あばら
はだ	w2190.mp3	はだ
あやか.る	w2191.mp3	あやかる
ひじ	w2192.mp3	ひじ
きも	w2193.mp3	きも
こ.える	w2194.mp3	こえる
がえんじ.る	w2195.mp3	がえんじる
かいな	w2196.mp3	かいな
さかな	w2197.mp3	さかな
ひもろぎ	w2198.mp3	ひもろぎ
はらみ	w2199.mp3	はらみ
かいがらぼね	w2200.mp3	かいがらぼね
あかぎれ	w2201.mp3	あかぎれ
よ.く	w2202.mp3	よく
もろ.い	w2203.mp3	もろい
わき	w2204.mp3	わき
すね	w2205.mp3	すね
こじし	w2206.mp3	こじし
ぬ.ぐ	w2207.mp3	ぬぐ
のうずる	w2208.mp3	のうずる
くさ.る	w2209.mp3	くさる
はらわた	w2210.mp3	はらわた
ふくらはぎ	w2211.mp3	ふくらはぎ
うで	w2212.mp3	うで
あご	w2213.mp3	あご
こし	w2214.mp3	こし
ほじし	w2215.mp3	ほじし
ひかがみ	w2216.mp3	ひかがみ
マク	w2217.mp3	マク
ひざ	w2218.mp3	ひざ
にかわ	w2219.mp3	にかわ
ふく.らむ	w2220.mp3	ふくらむ
ひもごり	w2221.mp3	ひもごり
ズイ	w2222.mp3	ズイ
なます	w2223.mp3	なます
へそ	w2224.mp3	へそ
きりみ	w2225.mp3	きりみ
ふせ.る	w2226.mp3	ふせる
みずか.ら	w2227.mp3	みずから
くさ.い	w2228.mp3	くさい
いた.す	w2229.mp3	いたす
うす	w2230.mp3	うす
うすつ.く	w2231.mp3	うすつく
しゅうと	w2232.mp3	しゅうと
やど.る	w2233.mp3	やどる
ねぶ.る	w2234.mp3	ねぶる
の.べる	w2235.mp3	のべる
やかた	w2236.mp3	やかた
ま.う	w2237.mp3	まう
もや.う	w2238.mp3	もやう
ふなばた	w2239.mp3	ふなばた
はしけ	w2240.mp3	はしけ
いくさぶね	w2241.mp3	いくさぶね
ふなよそおい	w2242.mp3	ふなよそおい
うしとら	w2243.mp3	うしとら
いろ	w2244.mp3	いろ
つや	w2245.mp3	つや
もぐさ	w2246.mp3	もぐさ
いも	w2247.mp3	いも
すすき	w2248.mp3	すすき
からし	w2249.mp3	からし
かおり	w2250.mp3	かおり
バ	w2251.mp3	バ
はな	w2252.mp3	はな
かんば.しい	w2253.mp3	かんばしい
ゼン	w2254.mp3	ゼン
みみなぐさ	w2255.mp3	みみなぐさ
こけ	w2256.mp3	こけ
いじ.める	w2257.mp3	いじめる
モク	w2258.mp3	モク
つと	w2259.mp3	つと
いやしく.も	w2260.mp3	いやしくも
ちしゃ	w2261.mp3	ちしゃ
くる.しい	w2262.mp3	くるしい
はなぶさ	w2263.mp3	はなぶさ
ふき	w2264.mp3	ふき
いちご	w2265.mp3	いちご
いがた	w2266.mp3	いがた
くき	w2267.mp3	くき
ちゃ	w2268.mp3	ちゃ
おおにら	w2269.mp3	おおにら
あかね	w2270.mp3	あかね
とお.い	w2271.mp3	とおい
ウイ	w2272.mp3	ウイ
しとね	w2273.mp3	しとね
きのこ	w2274.mp3	きのこ
ゆ.でる	w2275.mp3	ゆでる
あずき	w2276.mp3	あずき
しきりに	w2277.mp3	しきりに
あ.らす	w2278.mp3	あらす
まめ	w2279.mp3	まめ
しのぶ	w2280.mp3	しのぶ
おぎ	w2281.mp3	おぎ
にがな	w2282.mp3	にがな
るい	w2283.mp3	るい
あさがら	w2284.mp3	あさがら
はますげ	w2285.mp3	はますげ
つぼみ	w2286.mp3	つぼみ
はぐさ	w2287.mp3	はぐさ
さや	w2288.mp3	さや
たばこ	w2289.mp3	たばこ
あかざ	w2290.mp3	あかざ
すげ	w2291.mp3	すげ
スウ	w2292.mp3	スウ
ほうれんそう	w2293.mp3	ほうれんそう
すみれ	w2294.mp3	すみれ
こも	w2295.mp3	こも
ひし	w2296.mp3	ひし
うきくさ	w2297.mp3	うきくさ
やち	w2298.mp3	やち
はぎ	w2299.mp3	はぎ
ワ	w2300.mp3	ワ
むぐら	w2301.mp3	むぐら
あらわ.す	w2302.mp3	あらわす
つづら	w2303.mp3	つづら
ブ	w2304.mp3	ブ
ほうむ.る	w2305.mp3	ほうむる
ねぎ	w2306.mp3	ねぎ
あおい	w2307.mp3	あおい
おなもみ	w2308.mp3	おなもみ
へた	w2309.mp3	へた
まこも	w2310.mp3	まこも
こうむ.る	w2311.mp3	こうむる
にんにく	w2312.mp3	にんにく
がま	w2313.mp3	がま
ジャク	w2314.mp3	ジャク
あお.い	w2315.mp3	あおい
よもぎ	w2316.mp3	よもぎ
たくわ.える	w2317.mp3	たくわえる
とう	w2318.mp3	とう
ござ	w2319.mp3	ござ
はす	w2320.mp3	はす
ぬなわ	w2321.mp3	ぬなわ
たで	w2322.mp3	たで
しとみ	w2323.mp3	しとみ
ないがしろ	w2324.mp3	ないがしろ
さとうきび	w2325.mp3	さとうきび
まぶし	w2326.mp3	まぶし
あおもの	w2327.mp3	あおもの
キョク	w2328.mp3	キョク
しべ	w2329.mp3	しべ
そば	w2330.mp3	そば
たきぎ	w2331.mp3	たきぎ
わらび	w2332.mp3	わらび
ぜんまい	w2333.mp3	ぜんまい
あざみ	w2334.mp3	あざみ
みずたで	w2335.mp3	みずたで
な.ぐ	w2336.mp3	なぐ
らっきょう	w2337.mp3	らっきょう
こう.じる	w2338.mp3	こうじる
かお.る	w2339.mp3	かおる
くすり	w2340.mp3	くすり
かり.る	w2341.mp3	かりる
かろ.んじる	w2342.mp3	かろんじる
はすのね	w2343.mp3	はすのね
ふじ	w2344.mp3	ふじ
ひこばえ	w2345.mp3	ひこばえ
しいた.げる	w2346.mp3	しいたげる
むな.しい	w2347.mp3	むなしい
おそれ	w2348.mp3	おそれ
むし	w2349.mp3	むし
しらみ	w2350.mp3	しらみ
にじ	w2351.mp3	にじ
あぶ	w2352.mp3	あぶ
ぶゆ	w2353.mp3	ぶゆ
はまぐり	w2354.mp3	はまぐり
みみず	w2355.mp3	みみず
かいこ	w2356.mp3	かいこ
のみ	w2357.mp3	のみ
あわび	w2358.mp3	あわび
ほたる	w2359.mp3	ほたる
かいちゅう	w2360.mp3	かいちゅう
かえる	w2361.mp3	かえる
みずち	w2362.mp3	みずち
こおろぎ	w2363.mp3	こおろぎ
えび	w2364.mp3	えび
たこ	w2365.mp3	たこ
さなぎ	w2366.mp3	さなぎ
もぬ.ける	w2367.mp3	もぬける
ひむし	w2368.mp3	ひむし
いもむし	w2369.mp3	いもむし
しじみ	w2370.mp3	しじみ
あさり	w2371.mp3	あさり
くも	w2372.mp3	くも
あぶらむし	w2373.mp3	あぶらむし
ミツ	w2374.mp3	ミツ
とかげ	w2375.mp3	とかげ
ひぐらし	w2376.mp3	ひぐらし
にな	w2377.mp3	にな
せみ	w2378.mp3	せみ
みつろう	w2379.mp3	みつろう
さそり	w2380.mp3	さそり
むしば.む	w2381.mp3	むしばむ
いなご	w2382.mp3	いなご
こうもり	w2383.mp3	こうもり
まむし	w2384.mp3	まむし
かたつむり	w2385.mp3	かたつむり
はえ	w2386.mp3	はえ
ずいむし	w2387.mp3	ずいむし
はさみ	w2388.mp3	はさみ
にし	w2389.mp3	にし
けら	w2390.mp3	けら
シュツ	w2391.mp3	シュツ
ちっ.する	w2392.mp3	ちっする
シツ	w2393.mp3	シツ
うわばみ	w2394.mp3	うわばみ
わだかま.る	w2395.mp3	わだかまる
まて	w2396.mp3	まて
かに	w2397.mp3	かに
あり	w2398.mp3	あり
うごめ.く	w2399.mp3	うごめく
ワク	w2400.mp3	ワク
うご.めく	w2401.mp3	うごめく
きくいむし	w2402.mp3	きくいむし
まじ	w2403.mp3	まじ
はなぢ	w2404.mp3	はなぢ
あまり	w2405.mp3	あまり
てら.う	w2406.mp3	てらう
すべ	w2407.mp3	すべ
ころも	w2408.mp3	ころも
おもて	w2409.mp3	おもて
おとろ.える	w2410.mp3	おとろえる
あこめ	w2411.mp3	あこめ
こくび	w2412.mp3	こくび
ふすま	w2413.mp3	ふすま
えり	w2414.mp3	えり
たまと	w2415.mp3	たまと
ケ	w2416.mp3	ケ
わたいれ	w2417.mp3	わたいれ
かたぬ.ぐ	w2418.mp3	かたぬぐ
そで	w2419.mp3	そで
ながさ	w2420.mp3	ながさ
デイ	w2421.mp3	デイ
はかま	w2422.mp3	はかま
あわせ	w2423.mp3	あわせ
うちき	w2424.mp3	うちき
かみしも	w2425.mp3	かみしも
すそ	w2426.mp3	すそ
かわごろも	w2427.mp3	かわごろも
もすそ	w2428.mp3	もすそ
おぎな.う	w2429.mp3	おぎなう
うちかけ	w2430.mp3	うちかけ
たちもとお.る	w2431.mp3	たちもとおる
はだか	w2432.mp3	はだか
はだぬ.ぐ	w2433.mp3	はだぬぐ
ふんどし	w2434.mp3	ふんどし
ほ.める	w2435.mp3	ほめる
ぬのこ	w2436.mp3	ぬのこ
あ.せる	w2437.mp3	あせる
かさね.る	w2438.mp3	かさねる
けが.れる	w2439.mp3	けがれる
まじ.える	w2440.mp3	まじえる
ひだ	w2441.mp3	ひだ
したぎ	w2442.mp3	したぎ
つまばさ.む	w2443.mp3	つまばさむ
はだぎ	w2444.mp3	はだぎ
おそ.う	w2445.mp3	おそう
たすき	w2446.mp3	たすき
はたがしら	w2447.mp3	はたがしら
のぞ.く	w2448.mp3	のぞく
おぼ.える	w2449.mp3	おぼえる
かんなぎ	w2450.mp3	かんなぎ
ねが.う	w2451.mp3	ねがう
おや	w2452.mp3	おや
まみ.える	w2453.mp3	まみえる
しらせ	w2454.mp3	しらせ
お.える	w2455.mp3	おえる
かこつ.ける	w2456.mp3	かこつける
しる.す	w2457.mp3	しるす
なま.る	w2458.mp3	なまる
いぶか.る	w2459.mp3	いぶかる
わかれ	w2460.mp3	わかれ
おとず.れる	w2461.mp3	おとずれる
わけ	w2462.mp3	わけ
あかし	w2463.mp3	あかし
よみ	w2464.mp3	よみ
そし.る	w2465.mp3	そしる
わ.びる	w2466.mp3	わびる
みことのり	w2467.mp3	みことのり
のろ.う	w2468.mp3	のろう
ことば	w2469.mp3	ことば
けい.する	w2470.mp3	けいする
こころ.みる	w2471.mp3	こころみる
わび	w2472.mp3	わび
せん.ずる	w2473.mp3	せんずる
つ.める	w2474.mp3	つめる
くわ.しい	w2475.mp3	くわしい
たわむれ	w2476.mp3	たわむれ
あつら.える	w2477.mp3	あつらえる
しのびごと	w2478.mp3	しのびごと
ちゅう.する	w2479.mp3	ちゅうする
ほこ.る	w2480.mp3	ほこる
ほま.れ	w2481.mp3	ほまれ
みと.める	w2482.mp3	みとめる
たばか.る	w2483.mp3	たばかる
ちか.う	w2484.mp3	ちかう
かた.る	w2485.mp3	かたる
しい.る	w2486.mp3	しいる
だれ	w2487.mp3	だれ
へつら.う	w2488.mp3	へつらう
ひちくど.い	w2489.mp3	ひちくどい
いさ.め	w2490.mp3	いさめ
いさか.う	w2491.mp3	いさかう
そう	w2492.mp3	そう
あきら.か	w2493.mp3	あきらか
あげつら.う	w2494.mp3	あげつらう
ちょう.ずる	w2495.mp3	ちょうずる
おくりな	w2496.mp3	おくりな
あきら.める	w2497.mp3	あきらめる
かな.う	w2498.mp3	かなう
いさ.める	w2499.mp3	いさめる
さと.す	w2500.mp3	さとす
いみな	w2501.mp3	いみな
そら.んじる	w2502.mp3	そらんじる
もろ	w2503.mp3	もろ
ことわざ	w2504.mp3	ことわざ
ダク	w2505.mp3	ダク
エツ	w2506.mp3	エツ
なぞ	w2507.mp3	なぞ
へりくだ.る	w2508.mp3	へりくだる
うた.い	w2509.mp3	うたい
しわぶき	w2510.mp3	しわぶき
うわごと	w2511.mp3	うわごと
ゆず.る	w2512.mp3	ゆずる
せめ.る	w2513.mp3	せめる
ほ.まれ	w2514.mp3	ほまれ
こだま	w2515.mp3	こだま
ひら.ける	w2516.mp3	ひらける
ゆた.か	w2517.mp3	ゆたか
ぶた	w2518.mp3	ぶた
かたど.る	w2519.mp3	かたどる
やしな.う	w2520.mp3	やしなう
てん	w2521.mp3	てん
ただし.い	w2522.mp3	ただしい
ま.ける	w2523.mp3	まける
みつ.ぐ	w2524.mp3	みつぐ
まず.しい	w2525.mp3	まずしい
つらぬ.く	w2526.mp3	つらぬく
たち	w2527.mp3	たち
もら.う	w2528.mp3	もらう
けな.す	w2529.mp3	けなす
か.う	w2530.mp3	かう
つい.やす	w2531.mp3	ついやす
おく.る	w2532.mp3	おくる
まいな.い	w2533.mp3	まいない
まかな.う	w2534.mp3	まかなう
あきな.い	w2535.mp3	あきない
にぎ.わい	w2536.mp3	にぎわい
たまわ.る	w2537.mp3	たまわる
すか.す	w2538.mp3	すかす
にえ	w2539.mp3	にえ
にせ	w2540.mp3	にせ
はなむけ	w2541.mp3	はなむけ
あがな.う	w2542.mp3	あがなう
あから.める	w2543.mp3	あからめる
あかい	w2544.mp3	あかい
あかつち	w2545.mp3	あかつち
おもむ.く	w2546.mp3	おもむく
お.きる	w2547.mp3	おきる
お.う	w2548.mp3	おう
おもむき	w2549.mp3	おもむき
しゅ	w2550.mp3	しゅ
つまだ.つ	w2551.mp3	つまだつ
おくがき	w2552.mp3	おくがき
あやまつ	w2553.mp3	あやまつ
あしのうら	w2554.mp3	あしのうら
びっこ	w2555.mp3	びっこ
へだ.たる	w2556.mp3	へだたる
くび.す	w2557.mp3	くびす
はだし	w2558.mp3	はだし
また.がる	w2559.mp3	またがる
ひざまず.く	w2560.mp3	ひざまずく
-じ	w2561.mp3	じ
ふ.む	w2562.mp3	ふむ
こご.む	w2563.mp3	こごむ
おど.る	w2564.mp3	おどる
くるぶし	w2565.mp3	くるぶし
うずく.まる	w2566.mp3	うずくまる
かかと	w2567.mp3	かかと
ひづめ	w2568.mp3	ひづめ
いざ.る	w2569.mp3	いざる
つまず.く	w2570.mp3	つまずく
さきばらい	w2571.mp3	さきばらい
せ.まる	w2572.mp3	せまる
あしうら	w2573.mp3	あしうら
よろ.めく	w2574.mp3	よろめく
つくば.う	w2575.mp3	つくばう
け.る	w2576.mp3	ける
みずかき	w2577.mp3	みずかき
チョク	w2578.mp3	チョク
ためら.う	w2579.mp3	ためらう
しゃが.む	w2580.mp3	しゃがむ
にじ.る	w2581.mp3	にじる
むくろ	w2582.mp3	むくろ
かわ.す	w2583.mp3	かわす
しつ.ける	w2584.mp3	しつける
やがて	w2585.mp3	やがて
きし.る	w2586.mp3	きしる
くびき	w2587.mp3	くびき
ころ.がる	w2588.mp3	ころがる
とどろ.かす	w2589.mp3	とどろかす
よこぎ	w2590.mp3	よこぎ
すぎ.る	w2591.mp3	すぎる
の.せる	w2592.mp3	のせる
すなわち	w2593.mp3	すなわち
こにだ	w2594.mp3	こにだ
たごし	w2595.mp3	たごし
-ばら	w2596.mp3	ばら
とこしばり	w2597.mp3	とこしばり
ながえ	w2598.mp3	ながえ
ころ	w2599.mp3	ころ
わだちい	w2600.mp3	わだちい
ひつぎぐるま	w2601.mp3	ひつぎぐるま
から.い	w2602.mp3	からい
はずかし.める	w2603.mp3	はずかしめる
あた.り	w2604.mp3	あたり
つじ	w2605.mp3	つじ
-こ.む	w2606.mp3	こむ
たど.る	w2607.mp3	たどる
まで	w2608.mp3	まで
むか.える	w2609.mp3	むかえる
ちか.い	w2610.mp3	ちかい
とても	w2611.mp3	とても
に.げる	w2612.mp3	にげる
まよ.う	w2613.mp3	まよう
ほとばし.る	w2614.mp3	ほとばしる
しりぞ.く	w2615.mp3	しりぞく
のが.れる	w2616.mp3	のがれる
つれあ.い	w2617.mp3	つれあい
たくま.しい	w2618.mp3	たくましい
さこ	w2619.mp3	さこ
おおじ	w2620.mp3	おおじ
そ.れる	w2621.mp3	それる
-たち	w2622.mp3	たち
と.げる	w2623.mp3	とげる
おく.れる	w2624.mp3	おくれる
はこ.ぶ	w2625.mp3	はこぶ
す.ぎる	w2626.mp3	すぎる
とど.める	w2627.mp3	とどめる
いとま	w2628.mp3	いとま
ちが.う	w2629.mp3	ちがう
あっぱれ	w2630.mp3	あっぱれ
はる.か	w2631.mp3	はるか
さえぎ.る	w2632.mp3	さえぎる
のこ.す	w2633.mp3	のこす
さ.ける	w2634.mp3	さける
おくぶか.い	w2635.mp3	おくぶかい
よこし.ま	w2636.mp3	よこしま
やしき	w2637.mp3	やしき
-べ	w2638.mp3	べ
さと	w2639.mp3	さと
ガク	w2640.mp3	ガク
ひな	w2641.mp3	ひな
とな.る	w2642.mp3	となる
よう	w2643.mp3	よう
くば.る	w2644.mp3	くばる
かも.す	w2645.mp3	かもす
さけ	w2646.mp3	さけ
よ.う	w2647.mp3	よう
ふ.ける	w2648.mp3	ふける
たけなわ	w2649.mp3	たけなわ
ひど.い	w2650.mp3	ひどい
す.い	w2651.mp3	すい
あわ.す	w2652.mp3	あわす
もっぱら	w2653.mp3	もっぱら
さ.ます	w2654.mp3	さます
みにく.い	w2655.mp3	みにくい
ひしお	w2656.mp3	ひしお
もろみ	w2657.mp3	もろみ
あまざけ	w2658.mp3	あまざけ
ちぬ.る	w2659.mp3	ちぬる
とく	w2660.mp3	とく
うわぐすり	w2661.mp3	うわぐすり
くぎ	w2662.mp3	くぎ
ハチ	w2663.mp3	ハチ
ぼたん	w2664.mp3	ぼたん
くしろ	w2665.mp3	くしろ
かざし	w2666.mp3	かざし
にぶ.い	w2667.mp3	にぶい
すず	w2668.mp3	すず
くろがね	w2669.mp3	くろがね
はがね	w2670.mp3	はがね
かんな	w2671.mp3	かんな
よいかね	w2672.mp3	よいかね
なまり	w2673.mp3	なまり
まさかり	w2674.mp3	まさかり
しろがね	w2675.mp3	しろがね
あかがね	w2676.mp3	あかがね
なべ	w2677.mp3	なべ
ぜに	w2678.mp3	ぜに
け.す	w2679.mp3	けす
きっさき	w2680.mp3	きっさき
ほこさき	w2681.mp3	ほこさき
するど.い	w2682.mp3	するどい
びょう	w2683.mp3	びょう
のこ	w2684.mp3	のこ
かなまり	w2685.mp3	かなまり
しろこ	w2686.mp3	しろこ
つむ	w2687.mp3	つむ
しころ	w2688.mp3	しころ
にしき	w2689.mp3	にしき
かざり	w2690.mp3	かざり
めっき	w2691.mp3	めっき
きた.える	w2692.mp3	きたえる
くさり	w2693.mp3	くさり
よろ.う	w2694.mp3	よろう
しのぎ	w2695.mp3	しのぎ
しず.める	w2696.mp3	しずめる
かすがい	w2697.mp3	かすがい
やじり	w2698.mp3	やじり
かぶら	w2699.mp3	かぶら
みなごろ.し	w2700.mp3	みなごろし
つく	w2701.mp3	つく
こて	w2702.mp3	こて
かがみ	w2703.mp3	かがみ
ちりば.める	w2704.mp3	ちりばめる
たがね	w2705.mp3	たがね
どら	w2706.mp3	どら
いしづき	w2707.mp3	いしづき
あぶみ	w2708.mp3	あぶみ
びた	w2709.mp3	びた
たまき	w2710.mp3	たまき
かんが.みる	w2711.mp3	かんがみる
やすり	w2712.mp3	やすり
けぬき	w2713.mp3	けぬき
かんぬき	w2714.mp3	かんぬき
ひらめ.く	w2715.mp3	ひらめく
うるう	w2716.mp3	うるう
あいだ	w2717.mp3	あいだ
ひのくち	w2718.mp3	ひのくち
さわが.しい	w2719.mp3	さわがしい
くぐりど	w2720.mp3	くぐりど
バツ	w2721.mp3	バツ
ねや	w2722.mp3	ねや
けみ.する	w2723.mp3	けみする
くぎり	w2724.mp3	くぎり
やみ	w2725.mp3	やみ
たたか.う	w2726.mp3	たたかう
みち.る	w2727.mp3	みちる
こざと	w2728.mp3	こざと
お.りる	w2729.mp3	おりる
ずい	w2730.mp3	ずい
かぎ.る	w2731.mp3	かぎる
おちい.る	w2732.mp3	おちいる
ひ.ねる	w2733.mp3	ひねる
みささぎ	w2734.mp3	みささぎ
きざはし	w2735.mp3	きざはし
まにま.に	w2736.mp3	まにまに
へだ.てる	w2737.mp3	へだてる
さわ.る	w2738.mp3	さわる
かく.す	w2739.mp3	かくす
まにまに	w2740.mp3	まにまに
はやぶさ	w2741.mp3	はやぶさ
すずめ	w2742.mp3	すずめ
お-	w2743.mp3	お
みや.び	w2744.mp3	みやび
きじ	w2745.mp3	きじ
め-	w2746.mp3	め
いえど.も	w2747.mp3	いえども
たぐい	w2748.mp3	たぐい
はな.れる	w2749.mp3	はなれる
あまごい	w2750.mp3	あまごい
ぜろ	w2751.mp3	ぜろ
かみなり	w2752.mp3	かみなり
ひょう	w2753.mp3	ひょう
いかづち	w2754.mp3	いかづち
ひさめ	w2755.mp3	ひさめ
もや	w2756.mp3	もや
ながあめ	w2757.mp3	ながあめ
みぞれ	w2758.mp3	みぞれ
しも	w2759.mp3	しも
かすみ	w2760.mp3	かすみ
あまだれ	w2761.mp3	あまだれ
あられ	w2762.mp3	あられ
つゆ	w2763.mp3	つゆ
つちふる	w2764.mp3	つちふる
あお	w2765.mp3	あお
やす.んじる	w2766.mp3	やすんじる
しず-	w2767.mp3	しず
なび.く	w2768.mp3	なびく
おも	w2769.mp3	おも
えくぼ	w2770.mp3	えくぼ
なめ.す	w2771.mp3	なめす
かばん	w2772.mp3	かばん
むながい	w2773.mp3	むながい
わらじ	w2774.mp3	わらじ
かたい	w2775.mp3	かたい
こはぜ	w2776.mp3	こはぜ
まり	w2777.mp3	まり
ふらん.に	w2778.mp3	ふらんに
かわぐつ	w2779.mp3	かわぐつ
ふいご	w2780.mp3	ふいご
しとうず	w2781.mp3	しとうず
ゆぶくろ	w2782.mp3	ゆぶくろ
にら	w2783.mp3	にら
あえもの	w2784.mp3	あえもの
おと	w2785.mp3	おと
ひびき	w2786.mp3	ひびき
ひび.く	w2787.mp3	ひびく
ぺえじ	w2788.mp3	ぺえじ
うなじ	w2789.mp3	うなじ
すべから.く	w2790.mp3	すべからく
あず.ける	w2791.mp3	あずける
かたく.な	w2792.mp3	かたくな
にわか.に	w2793.mp3	にわかに
すこぶ.る	w2794.mp3	すこぶる
くび	w2795.mp3	くび
おとがい	w2796.mp3	おとがい
ほお	w2797.mp3	ほお
あたま	w2798.mp3	あたま
うなず.く	w2799.mp3	うなずく
しき.りに	w2800.mp3	しきりに
つ.ぶ	w2801.mp3	つぶ
ひたい	w2802.mp3	ひたい
かお	w2803.mp3	かお
いただ.き	w2804.mp3	いただき
ひそ.める	w2805.mp3	ひそめる
かぜ	w2806.mp3	かぜ
おろし	w2807.mp3	おろし
さっ.と	w2808.mp3	さっと
グ	w2809.mp3	グ
つむじかぜ	w2810.mp3	つむじかぜ
と.ぶ	w2811.mp3	とぶ
ひるがえ.す	w2812.mp3	ひるがえす
めし	w2813.mp3	めし
あ.きる	w2814.mp3	あきる
かざ.る	w2815.mp3	かざる
もち	w2816.mp3	もち
アン	w2817.mp3	アン
うどん	w2818.mp3	うどん
ゆたか	w2819.mp3	ゆたか
ギョ	w2820.mp3	ギョ
は.せる	w2821.mp3	はせる
ブン	w2822.mp3	ブン
ぶち	w2823.mp3	ぶち
なら.ぶ	w2824.mp3	ならぶ
かわらげ	w2825.mp3	かわらげ
はせ.る	w2826.mp3	はせる
あしげ	w2827.mp3	あしげ
あが.る	w2828.mp3	あがる
ラ	w2829.mp3	ラ
そえうま	w2830.mp3	そえうま
うさぎうま	w2831.mp3	うさぎうま
ほね	w2832.mp3	ほね
さい	w2833.mp3	さい
ヒュウ	w2834.mp3	ヒュウ
かもじ	w2835.mp3	かもじ
たれがみ	w2836.mp3	たれがみ
ひげ	w2837.mp3	ひげ
たぼ	w2838.mp3	たぼ
まげ	w2839.mp3	まげ
たぶさ	w2840.mp3	たぶさ
わげ	w2841.mp3	わげ
たてがみ	w2842.mp3	たてがみ
せめ.ぐ	w2843.mp3	せめぐ
かおりぐさ	w2844.mp3	かおりぐさ
かなえ	w2845.mp3	かなえ
おに	w2846.mp3	おに
さきがけ	w2847.mp3	さきがけ
たましい	w2848.mp3	たましい
ミ	w2849.mp3	ミ
すだま	w2850.mp3	すだま
うな.される	w2851.mp3	うなされる
うお	w2852.mp3	うお
おろか	w2853.mp3	おろか
かがみたい	w2854.mp3	かがみたい
ひらめ	w2855.mp3	ひらめ
あゆ	w2856.mp3	あゆ
ふな	w2857.mp3	ふな
すし	w2858.mp3	すし
かじか	w2859.mp3	かじか
このしろ	w2860.mp3	このしろ
まぐろ	w2861.mp3	まぐろ
さめ	w2862.mp3	さめ
あざ.やか	w2863.mp3	あざやか
めばる	w2864.mp3	めばる
いるか	w2865.mp3	いるか
こい	w2866.mp3	こい
かずのこ	w2867.mp3	かずのこ
こち	w2868.mp3	こち
ぼら	w2869.mp3	ぼら
さば	w2870.mp3	さば
たい	w2871.mp3	たい
にしん	w2872.mp3	にしん
さんしょううお	w2873.mp3	さんしょううお
するめ	w2874.mp3	するめ
くじら	w2875.mp3	くじら
しゃちほこ	w2876.mp3	しゃちほこ
どじょう	w2877.mp3	どじょう
かいらぎ	w2878.mp3	かいらぎ
かれい	w2879.mp3	かれい
ちょうざめ	w2880.mp3	ちょうざめ
わに	w2881.mp3	わに
えら	w2882.mp3	えら
いわし	w2883.mp3	いわし
ぶり	w2884.mp3	ぶり
ひれ	w2885.mp3	ひれ
はたはた	w2886.mp3	はたはた
おおがめ	w2887.mp3	おおがめ
かつお	w2888.mp3	かつお
うなぎ	w2889.mp3	うなぎ
たら	w2890.mp3	たら
うろこ	w2891.mp3	うろこ
きす	w2892.mp3	きす
えそ	w2893.mp3	えそ
はも	w2894.mp3	はも
ふか	w2895.mp3	ふか
すずき	w2896.mp3	すずき
けり	w2897.mp3	けり
はと	w2898.mp3	はと
にお	w2899.mp3	にお
とび	w2900.mp3	とび
もず	w2901.mp3	もず
かもめ	w2902.mp3	かもめ
かも	w2903.mp3	かも
しぎ	w2904.mp3	しぎ
うぐいす	w2905.mp3	うぐいす
ちどり	w2906.mp3	ちどり
くぐい	w2907.mp3	くぐい
いかる	w2908.mp3	いかる
ひよどり	w2909.mp3	ひよどり
かささぎ	w2910.mp3	かささぎ
ぬえ	w2911.mp3	ぬえ
つぐみ	w2912.mp3	つぐみ
うずら	w2913.mp3	うずら
にわとり	w2914.mp3	にわとり
みさご	w2915.mp3	みさご
とうまる	w2916.mp3	とうまる
あひる	w2917.mp3	あひる
ひたき	w2918.mp3	ひたき
ひわ	w2919.mp3	ひわ
はいたか	w2920.mp3	はいたか
かすい	w2921.mp3	かすい
ばん	w2922.mp3	ばん
たか	w2923.mp3	たか
さぎ	w2924.mp3	さぎ
こうのとり	w2925.mp3	こうのとり
あ.く	w2926.mp3	あく
おおじか	w2927.mp3	おおじか
なれしか	w2928.mp3	なれしか
おじか	w2929.mp3	おじか
こじか	w2930.mp3	こじか
ふもと	w2931.mp3	ふもと
のろ	w2932.mp3	のろ
ジャ	w2933.mp3	ジャ
むぎ	w2934.mp3	むぎ
むぎこ	w2935.mp3	むぎこ
こなもち	w2936.mp3	こなもち
さしまね.く	w2937.mp3	さしまねく
まろ	w2938.mp3	まろ
くろ.い	w2939.mp3	くろい
ねば.り	w2940.mp3	ねばり
くろい	w2941.mp3	くろい
だ.まる	w2942.mp3	だまる
だま.る	w2943.mp3	だまる
まゆずみ	w2944.mp3	まゆずみ
あおぐろ	w2945.mp3	あおぐろ
いれずみ	w2946.mp3	いれずみ
かび	w2947.mp3	かび
ほくろ	w2948.mp3	ほくろ
ぬう	w2949.mp3	ぬう
あおがえる	w2950.mp3	あおがえる
すっぽん	w2951.mp3	すっぽん
ねずみ	w2952.mp3	ねずみ
いたち	w2953.mp3	いたち
いびき	w2954.mp3	いびき
もたら.す	w2955.mp3	もたらす
かけば	w2956.mp3	かけば
かむ	w2957.mp3	かむ
はぐき	w2958.mp3	はぐき
むしば	w2959.mp3	むしば
アク	w2960.mp3	アク
れい	w2961.mp3	れい
